scenario,time_sec,iops,in_steady_tail
Vanilla,0.500,103682.000,0
Vanilla,1.000,98390.000,0
Vanilla,1.500,99114.000,0
Vanilla,2.000,97647.000,0
Vanilla,2.500,103472.000,0
Vanilla,3.000,103092.000,0
Vanilla,3.501,97556.000,0
Vanilla,4.000,102857.000,0
Vanilla,4.500,102132.000,0
Vanilla,5.000,101372.000,0
Vanilla,5.500,102332.000,0
Vanilla,6.000,100184.000,0
Vanilla,6.500,91364.000,0
Vanilla,7.000,101154.000,0
Vanilla,7.501,101114.000,0
Vanilla,8.000,99488.000,0
Vanilla,8.500,96601.000,0
Vanilla,9.000,101198.000,0
Vanilla,9.500,100262.000,0
Vanilla,10.000,100766.000,0
Vanilla,10.500,98208.000,0
Vanilla,11.000,100374.000,0
Vanilla,11.500,97675.000,0
Vanilla,12.000,98680.000,0
Vanilla,12.500,100030.000,0
Vanilla,13.000,95532.000,0
Vanilla,13.500,97953.000,0
Vanilla,14.000,98773.000,0
Vanilla,14.500,89200.000,0
Vanilla,15.000,100605.000,0
Vanilla,15.500,97138.000,0
Vanilla,16.000,99062.000,0
Vanilla,16.500,96535.000,0
Vanilla,17.000,93577.000,0
Vanilla,17.500,98728.000,0
Vanilla,18.000,99388.000,0
Vanilla,18.500,96891.000,0
Vanilla,19.000,100334.000,0
Vanilla,19.500,102124.000,0
Vanilla,20.000,99104.000,0
Vanilla,20.500,96603.000,0
Vanilla,21.001,98940.000,0
Vanilla,21.500,100517.000,0
Vanilla,22.001,101902.000,0
Vanilla,22.500,92456.000,0
Vanilla,23.000,81701.000,0
Vanilla,23.500,89140.000,0
Vanilla,24.000,93641.000,0
Vanilla,24.500,94583.000,0
Vanilla,25.000,97918.000,0
Vanilla,25.501,91036.000,0
Vanilla,26.000,97006.000,0
Vanilla,26.500,100496.000,0
Vanilla,27.000,91628.000,0
Vanilla,27.500,98152.000,0
Vanilla,28.000,96248.000,0
Vanilla,28.500,101218.000,0
Vanilla,29.000,99052.000,0
Vanilla,29.500,98314.000,0
Vanilla,30.000,92875.000,0
Vanilla,30.500,99546.000,0
Vanilla,31.000,97248.000,0
Vanilla,31.500,96789.000,0
Vanilla,32.000,98676.000,0
Vanilla,32.500,98667.000,0
Vanilla,33.000,98591.000,0
Vanilla,33.500,100146.000,0
Vanilla,34.000,96320.000,0
Vanilla,34.500,98538.000,0
Vanilla,35.000,96861.000,0
Vanilla,35.500,99158.000,0
Vanilla,36.000,99114.000,0
Vanilla,36.500,97542.000,0
Vanilla,37.000,97685.000,0
Vanilla,37.500,98997.000,0
Vanilla,38.000,96462.000,0
Vanilla,38.500,96018.000,0
Vanilla,39.000,92204.000,0
Vanilla,39.500,94322.000,0
Vanilla,40.001,97680.000,0
Vanilla,40.500,94859.000,0
Vanilla,41.000,84700.000,0
Vanilla,41.500,85567.000,0
Vanilla,42.000,83982.000,0
Vanilla,42.500,95667.000,0
Vanilla,43.001,89580.000,0
Vanilla,43.500,92416.000,0
Vanilla,44.000,92769.000,0
Vanilla,44.500,95642.000,0
Vanilla,45.000,98138.000,0
Vanilla,45.500,98140.000,0
Vanilla,46.001,92350.000,0
Vanilla,46.500,97913.000,0
Vanilla,47.001,95850.000,0
Vanilla,47.500,97092.000,0
Vanilla,48.000,98857.000,0
Vanilla,48.500,98848.000,0
Vanilla,49.000,95679.000,0
Vanilla,49.500,98588.000,0
Vanilla,50.000,97749.000,0
Vanilla,50.500,97929.000,0
Vanilla,51.000,99006.000,0
Vanilla,51.500,98725.000,0
Vanilla,52.000,97182.000,0
Vanilla,52.500,98903.000,0
Vanilla,53.000,100306.000,0
Vanilla,53.500,97526.000,0
Vanilla,54.000,99002.000,0
Vanilla,54.500,97678.000,0
Vanilla,55.000,97995.000,0
Vanilla,55.500,98760.000,0
Vanilla,56.000,101543.000,0
Vanilla,56.501,101446.000,0
Vanilla,57.000,97783.000,0
Vanilla,57.500,97683.000,0
Vanilla,58.001,99094.000,0
Vanilla,58.500,97440.000,0
Vanilla,59.000,97661.000,0
Vanilla,59.500,99348.000,0
Vanilla,60.001,98210.000,0
Vanilla,60.500,99096.000,0
Vanilla,61.000,99130.000,0
Vanilla,61.500,98643.000,0
Vanilla,62.000,101778.000,0
Vanilla,62.500,98875.000,0
Vanilla,63.001,96994.000,0
Vanilla,63.500,98368.000,0
Vanilla,64.000,96102.000,0
Vanilla,64.500,93724.000,0
Vanilla,65.000,98080.000,0
Vanilla,65.500,97620.000,0
Vanilla,66.000,100418.000,0
Vanilla,66.501,99162.000,0
Vanilla,67.000,100132.000,0
Vanilla,67.500,96214.000,0
Vanilla,68.000,96526.000,0
Vanilla,68.500,97641.000,0
Vanilla,69.001,95144.000,0
Vanilla,69.500,98440.000,0
Vanilla,70.000,99835.000,0
Vanilla,70.500,98312.000,0
Vanilla,71.000,98791.000,0
Vanilla,71.500,100270.000,0
Vanilla,72.000,96885.000,0
Vanilla,72.500,93340.000,0
Vanilla,73.000,85332.000,0
Vanilla,73.500,96790.000,0
Vanilla,74.000,89543.000,0
Vanilla,74.500,94054.000,0
Vanilla,75.000,95637.000,0
Vanilla,75.501,93630.000,0
Vanilla,76.001,98486.000,0
Vanilla,76.500,98921.000,0
Vanilla,77.000,94172.000,0
Vanilla,77.500,97428.000,0
Vanilla,78.000,100731.000,0
Vanilla,78.500,99996.000,0
Vanilla,79.000,97154.000,0
Vanilla,79.500,96312.000,0
Vanilla,80.000,98601.000,0
Vanilla,80.500,97754.000,0
Vanilla,81.000,99805.000,0
Vanilla,81.500,95610.000,0
Vanilla,82.000,94717.000,0
Vanilla,82.500,97848.000,0
Vanilla,83.000,99048.000,0
Vanilla,83.501,98700.000,0
Vanilla,84.000,95943.000,0
Vanilla,84.500,99713.000,0
Vanilla,85.001,99864.000,0
Vanilla,85.500,97164.000,0
Vanilla,86.000,98721.000,0
Vanilla,86.500,95644.000,0
Vanilla,87.000,97200.000,0
Vanilla,87.500,95016.000,0
Vanilla,88.000,94162.000,0
Vanilla,88.500,92865.000,0
Vanilla,89.000,90008.000,0
Vanilla,89.500,94800.000,0
Vanilla,90.000,95064.000,0
Vanilla,90.500,94930.000,0
Vanilla,91.000,92604.000,0
Vanilla,91.500,96541.000,0
Vanilla,92.000,95514.000,0
Vanilla,92.500,96547.000,0
Vanilla,93.001,96792.000,0
Vanilla,93.500,97773.000,0
Vanilla,94.000,95525.000,0
Vanilla,94.500,98350.000,0
Vanilla,95.001,98630.000,0
Vanilla,95.500,98913.000,0
Vanilla,96.000,88106.000,0
Vanilla,96.500,95510.000,0
Vanilla,97.000,99180.000,0
Vanilla,97.501,96006.000,0
Vanilla,98.000,94092.000,0
Vanilla,98.500,89653.000,0
Vanilla,99.000,95945.000,0
Vanilla,99.500,98014.000,0
Vanilla,100.000,97771.000,0
Vanilla,100.500,93926.000,0
Vanilla,101.000,94296.000,0
Vanilla,101.500,98849.000,0
Vanilla,102.000,89130.000,0
Vanilla,102.500,95541.000,0
Vanilla,103.001,95588.000,0
Vanilla,103.500,93480.000,0
Vanilla,104.000,95126.000,0
Vanilla,104.500,95854.000,0
Vanilla,105.000,94731.000,0
Vanilla,105.501,85334.000,0
Vanilla,106.000,93557.000,0
Vanilla,106.500,98591.000,0
Vanilla,107.000,92803.000,0
Vanilla,107.500,97180.000,0
Vanilla,108.000,97328.000,0
Vanilla,108.500,98798.000,0
Vanilla,109.000,98843.000,0
Vanilla,109.501,95490.000,0
Vanilla,110.000,98609.000,0
Vanilla,110.500,94018.000,0
Vanilla,111.001,97236.000,0
Vanilla,111.500,99657.000,0
Vanilla,112.000,99380.000,0
Vanilla,112.500,97712.000,0
Vanilla,113.000,96468.000,0
Vanilla,113.501,97922.000,0
Vanilla,114.000,98991.000,0
Vanilla,114.500,98651.000,0
Vanilla,115.000,96589.000,0
Vanilla,115.500,100614.000,0
Vanilla,116.000,100779.000,0
Vanilla,116.500,97066.000,0
Vanilla,117.001,100592.000,0
Vanilla,117.500,98573.000,0
Vanilla,118.000,101180.000,0
Vanilla,118.500,100242.000,0
Vanilla,119.000,97845.000,0
Vanilla,119.501,99090.000,0
Vanilla,120.000,98801.000,0
Vanilla,120.500,100541.000,0
Vanilla,121.001,95832.000,0
Vanilla,121.500,95270.000,0
Vanilla,122.000,98555.000,0
Vanilla,122.500,96679.000,0
Vanilla,123.001,98044.000,0
Vanilla,123.500,100288.000,0
Vanilla,124.000,96753.000,0
Vanilla,124.500,98036.000,0
Vanilla,125.000,99926.000,0
Vanilla,125.501,97336.000,0
Vanilla,126.000,99503.000,0
Vanilla,126.500,97390.000,0
Vanilla,127.000,99038.000,0
Vanilla,127.500,95672.000,0
Vanilla,128.000,95232.000,0
Vanilla,128.500,96762.000,0
Vanilla,129.000,96172.000,0
Vanilla,129.500,96166.000,0
Vanilla,130.000,97010.000,0
Vanilla,130.500,97390.000,0
Vanilla,131.000,100412.000,0
Vanilla,131.500,98386.000,0
Vanilla,132.000,97937.000,0
Vanilla,132.501,96088.000,0
Vanilla,133.000,89484.000,0
Vanilla,133.500,95438.000,0
Vanilla,134.000,94338.000,0
Vanilla,134.500,97729.000,0
Vanilla,135.001,96492.000,0
Vanilla,135.500,96739.000,0
Vanilla,136.000,97032.000,0
Vanilla,136.500,83242.000,0
Vanilla,137.000,90923.000,0
Vanilla,137.500,93912.000,0
Vanilla,138.001,94592.000,0
Vanilla,138.500,96240.000,0
Vanilla,139.000,92324.000,0
Vanilla,139.500,100066.000,0
Vanilla,140.000,93787.000,0
Vanilla,140.501,95566.000,0
Vanilla,141.000,91885.000,0
Vanilla,141.500,94901.000,0
Vanilla,142.001,95892.000,0
Vanilla,142.500,96300.000,0
Vanilla,143.000,95807.000,0
Vanilla,143.500,97948.000,0
Vanilla,144.000,99486.000,0
Vanilla,144.500,96778.000,0
Vanilla,145.000,96388.000,0
Vanilla,145.501,97278.000,0
Vanilla,146.000,97969.000,0
Vanilla,146.500,98178.000,0
Vanilla,147.000,97517.000,0
Vanilla,147.500,98448.000,0
Vanilla,148.000,93252.000,0
Vanilla,148.500,95654.000,0
Vanilla,149.000,40442.000,0
Vanilla,149.500,40184.000,0
Vanilla,150.001,49480.000,0
Vanilla,150.500,47815.000,0
Vanilla,151.000,52082.000,0
Vanilla,151.501,92694.000,0
Vanilla,152.000,98108.000,0
Vanilla,152.501,93842.000,0
Vanilla,153.000,97474.000,0
Vanilla,153.501,95824.000,0
Vanilla,154.000,95973.000,0
Vanilla,154.500,99416.000,0
Vanilla,155.000,99132.000,0
Vanilla,155.500,99627.000,0
Vanilla,156.000,99096.000,0
Vanilla,156.500,97827.000,0
Vanilla,157.000,97058.000,0
Vanilla,157.500,95557.000,0
Vanilla,158.000,98548.000,0
Vanilla,158.500,95701.000,0
Vanilla,159.000,97394.000,0
Vanilla,159.500,98540.000,0
Vanilla,160.001,97876.000,0
Vanilla,160.500,98523.000,0
Vanilla,161.000,99943.000,0
Vanilla,161.500,96036.000,0
Vanilla,162.000,92787.000,0
Vanilla,162.500,98842.000,0
Vanilla,163.000,98012.000,0
Vanilla,163.500,97166.000,0
Vanilla,164.000,97813.000,0
Vanilla,164.500,97358.000,0
Vanilla,165.000,98685.000,0
Vanilla,165.500,100646.000,0
Vanilla,166.000,99198.000,0
Vanilla,166.500,95362.000,0
Vanilla,167.000,94569.000,0
Vanilla,167.500,99856.000,0
Vanilla,168.000,98496.000,0
Vanilla,168.500,100014.000,0
Vanilla,169.000,95883.000,0
Vanilla,169.501,98866.000,0
Vanilla,170.000,98438.000,0
Vanilla,170.500,99436.000,0
Vanilla,171.000,95696.000,0
Vanilla,171.500,96470.000,0
Vanilla,172.000,98613.000,0
Vanilla,172.500,97270.000,0
Vanilla,173.001,96020.000,0
Vanilla,173.500,99216.000,0
Vanilla,174.001,98550.000,0
Vanilla,174.500,100368.000,0
Vanilla,175.000,99030.000,0
Vanilla,175.500,99354.000,0
Vanilla,176.000,97322.000,0
Vanilla,176.500,98432.000,0
Vanilla,177.000,98649.000,0
Vanilla,177.500,98180.000,0
Vanilla,178.000,97346.000,0
Vanilla,178.500,95370.000,0
Vanilla,179.000,99012.000,0
Vanilla,179.500,97671.000,0
Vanilla,180.000,93732.000,0
Vanilla,180.500,99100.000,0
Vanilla,181.000,96605.000,0
Vanilla,181.500,98915.000,0
Vanilla,182.000,96596.000,0
Vanilla,182.500,98889.000,0
Vanilla,183.001,96852.000,0
Vanilla,183.500,98751.000,0
Vanilla,184.000,98322.000,0
Vanilla,184.500,99096.000,0
Vanilla,185.000,99971.000,0
Vanilla,185.500,98722.000,0
Vanilla,186.000,98817.000,0
Vanilla,186.500,98756.000,0
Vanilla,187.000,91573.000,0
Vanilla,187.501,96892.000,0
Vanilla,188.000,98180.000,0
Vanilla,188.500,96561.000,0
Vanilla,189.000,94997.000,0
Vanilla,189.500,100960.000,0
Vanilla,190.000,99100.000,0
Vanilla,190.500,88076.000,0
Vanilla,191.000,94577.000,0
Vanilla,191.500,98370.000,0
Vanilla,192.000,97592.000,0
Vanilla,192.500,98629.000,0
Vanilla,193.001,92642.000,0
Vanilla,193.500,92458.000,0
Vanilla,194.000,98657.000,0
Vanilla,194.501,97648.000,0
Vanilla,195.001,94450.000,0
Vanilla,195.500,97410.000,0
Vanilla,196.000,97877.000,0
Vanilla,196.500,97920.000,0
Vanilla,197.000,101262.000,0
Vanilla,197.501,99580.000,0
Vanilla,198.000,99655.000,0
Vanilla,198.500,100424.000,0
Vanilla,199.000,100010.000,0
Vanilla,199.500,96781.000,0
Vanilla,200.000,96982.000,0
Vanilla,200.500,94060.000,0
Vanilla,201.000,97062.000,0
Vanilla,201.500,97754.000,0
Vanilla,202.000,99044.000,0
Vanilla,202.500,97900.000,0
Vanilla,203.000,99777.000,0
Vanilla,203.500,97581.000,0
Vanilla,204.000,97814.000,0
Vanilla,204.500,97787.000,0
Vanilla,205.000,99212.000,0
Vanilla,205.500,93160.000,0
Vanilla,206.000,96879.000,0
Vanilla,206.500,99478.000,0
Vanilla,207.000,98318.000,0
Vanilla,207.500,100472.000,0
Vanilla,208.000,99290.000,0
Vanilla,208.500,96296.000,0
Vanilla,209.000,96641.000,0
Vanilla,209.500,96712.000,0
Vanilla,210.000,94809.000,0
Vanilla,210.500,96186.000,1
Vanilla,211.000,98609.000,1
Vanilla,211.500,97967.000,1
Vanilla,212.000,99048.000,1
Vanilla,212.500,99088.000,1
Vanilla,213.000,94916.000,1
Vanilla,213.500,98476.000,1
Vanilla,214.000,93998.000,1
Vanilla,214.500,100697.000,1
Vanilla,215.001,96026.000,1
Vanilla,215.500,96603.000,1
Vanilla,216.000,99264.000,1
Vanilla,216.500,99954.000,1
Vanilla,217.000,99128.000,1
Vanilla,217.500,97186.000,1
Vanilla,218.000,95012.000,1
Vanilla,218.501,96052.000,1
Vanilla,219.000,95739.000,1
Vanilla,219.501,99118.000,1
Vanilla,220.000,96168.000,1
Vanilla,220.500,95448.000,1
Vanilla,221.000,97567.000,1
Vanilla,221.501,98320.000,1
Vanilla,222.000,96955.000,1
Vanilla,222.500,99102.000,1
Vanilla,223.000,96985.000,1
Vanilla,223.500,97668.000,1
Vanilla,224.000,94737.000,1
Vanilla,224.501,94566.000,1
Vanilla,225.000,96040.000,1
Vanilla,225.500,99605.000,1
Vanilla,226.000,94102.000,1
Vanilla,226.500,96478.000,1
Vanilla,227.000,98196.000,1
Vanilla,227.500,97627.000,1
Vanilla,228.000,96326.000,1
Vanilla,228.500,98164.000,1
Vanilla,229.000,97806.000,1
Vanilla,229.500,97825.000,1
Vanilla,230.000,95784.000,1
Vanilla,230.500,94565.000,1
Vanilla,231.001,95304.000,1
Vanilla,231.500,94845.000,1
Vanilla,232.000,97731.000,1
Vanilla,232.500,98316.000,1
Vanilla,233.000,97254.000,1
Vanilla,233.500,97686.000,1
Vanilla,234.000,90637.000,1
Vanilla,234.500,99426.000,1
Vanilla,235.000,99422.000,1
Vanilla,235.500,98160.000,1
Vanilla,236.000,96330.000,1
Vanilla,236.500,97874.000,1
Vanilla,237.000,98028.000,1
Vanilla,237.500,96412.000,1
Vanilla,238.000,99822.000,1
Vanilla,238.500,95991.000,1
Vanilla,239.000,98270.000,1
Vanilla,239.500,98729.000,1
Vanilla,240.000,96878.000,1
Vanilla,240.500,99541.000,1
Vanilla,241.000,98559.000,1
Vanilla,241.500,101170.000,1
Vanilla,242.000,94841.000,1
Vanilla,242.500,96008.000,1
Vanilla,243.000,93811.000,1
Vanilla,243.500,99774.000,1
Vanilla,244.000,99364.000,1
Vanilla,244.501,98896.000,1
Vanilla,245.000,98983.000,1
Vanilla,245.501,101064.000,1
Vanilla,246.000,99346.000,1
Vanilla,246.500,93873.000,1
Vanilla,247.000,96932.000,1
Vanilla,247.500,95938.000,1
Vanilla,248.000,95735.000,1
Vanilla,248.500,97783.000,1
Vanilla,249.000,97954.000,1
Vanilla,249.500,99598.000,1
Vanilla,250.000,99877.000,1
Vanilla,250.500,97928.000,1
Vanilla,251.000,98989.000,1
Vanilla,251.500,99254.000,1
Vanilla,252.000,94816.000,1
Vanilla,252.500,99643.000,1
Vanilla,253.001,97240.000,1
Vanilla,253.500,100877.000,1
Vanilla,254.000,98875.000,1
Vanilla,254.501,100258.000,1
Vanilla,255.000,98989.000,1
Vanilla,255.500,98072.000,1
Vanilla,256.000,102024.000,1
Vanilla,256.500,97555.000,1
Vanilla,257.000,99707.000,1
Vanilla,257.500,98586.000,1
Vanilla,258.000,98306.000,1
Vanilla,258.500,96000.000,1
Vanilla,259.000,98110.000,1
Vanilla,259.500,98845.000,1
Vanilla,260.000,97942.000,1
Vanilla,260.500,96290.000,1
Vanilla,261.001,90720.000,1
Vanilla,261.500,99839.000,1
Vanilla,262.000,95885.000,1
Vanilla,262.500,95726.000,1
Vanilla,263.000,97484.000,1
Vanilla,263.500,99296.000,1
Vanilla,264.000,98334.000,1
Vanilla,264.500,98436.000,1
Vanilla,265.000,98799.000,1
Vanilla,265.500,99546.000,1
Vanilla,266.000,98164.000,1
Vanilla,266.500,99454.000,1
Vanilla,267.000,96591.000,1
Vanilla,267.500,99830.000,1
Vanilla,268.000,97947.000,1
Vanilla,268.500,98156.000,1
Vanilla,269.000,96268.000,1
Vanilla,269.500,99404.000,1
Vanilla,270.000,99162.000,1
Vanilla,270.500,99346.000,1
Vanilla,271.000,95733.000,1
Vanilla,271.500,94584.000,1
Vanilla,272.000,97386.000,1
Vanilla,272.500,99548.000,1
Vanilla,273.000,99559.000,1
Vanilla,273.500,98995.000,1
Vanilla,274.001,96306.000,1
Vanilla,274.500,98396.000,1
Vanilla,275.000,94392.000,1
Vanilla,275.500,97732.000,1
Vanilla,276.000,96791.000,1
Vanilla,276.501,95324.000,1
Vanilla,277.000,97925.000,1
Vanilla,277.500,98533.000,1
Vanilla,278.000,94582.000,1
Vanilla,278.501,97030.000,1
Vanilla,279.000,100971.000,1
Vanilla,279.500,98336.000,1
Vanilla,280.000,98372.000,1
Vanilla,280.500,97362.000,1
Vanilla,281.000,95040.000,1
Vanilla,281.500,100821.000,1
Vanilla,282.000,101002.000,1
Vanilla,282.500,100242.000,1
Vanilla,283.000,100168.000,1
Vanilla,283.500,100018.000,1
Vanilla,284.000,99975.000,1
Vanilla,284.500,97420.000,1
Vanilla,285.000,96316.000,1
Vanilla,285.501,99656.000,1
Vanilla,286.000,98450.000,1
Vanilla,286.500,99805.000,1
Vanilla,287.000,97826.000,1
Vanilla,287.500,97428.000,1
Vanilla,288.001,99110.000,1
Vanilla,288.500,101154.000,1
Vanilla,289.000,97220.000,1
Vanilla,289.501,100328.000,1
Vanilla,290.000,99863.000,1
Vanilla,290.500,98711.000,1
Vanilla,291.001,100726.000,1
Vanilla,291.500,100110.000,1
Vanilla,292.000,100028.000,1
Vanilla,292.500,98348.000,1
Vanilla,293.000,100432.000,1
Vanilla,293.500,100563.000,1
Vanilla,294.000,97382.000,1
Vanilla,294.500,101539.000,1
Vanilla,295.000,98555.000,1
Vanilla,295.500,99650.000,1
Vanilla,296.000,99787.000,1
Vanilla,296.501,102200.000,1
Vanilla,297.000,99138.000,1
Vanilla,297.500,102454.000,1
Vanilla,298.000,100080.000,1
Vanilla,298.500,97592.000,1
Vanilla,299.000,98114.000,1
Vanilla,299.500,101178.000,1
WB_Disabled,0.500,79748.000,0
WB_Disabled,1.000,79086.000,0
WB_Disabled,1.501,79798.000,0
WB_Disabled,2.000,83024.000,0
WB_Disabled,2.500,82342.000,0
WB_Disabled,3.001,82144.000,0
WB_Disabled,3.500,79635.000,0
WB_Disabled,4.000,82935.000,0
WB_Disabled,4.501,82980.000,0
WB_Disabled,5.000,82304.000,0
WB_Disabled,5.500,80238.000,0
WB_Disabled,6.000,83376.000,0
WB_Disabled,6.501,83164.000,0
WB_Disabled,7.000,82781.000,0
WB_Disabled,7.500,82434.000,0
WB_Disabled,8.000,79026.000,0
WB_Disabled,8.500,82727.000,0
WB_Disabled,9.000,82020.000,0
WB_Disabled,9.500,82478.000,0
WB_Disabled,10.000,80650.000,0
WB_Disabled,10.500,82212.000,0
WB_Disabled,11.000,83288.000,0
WB_Disabled,11.500,80752.000,0
WB_Disabled,12.000,82767.000,0
WB_Disabled,12.500,81614.000,0
WB_Disabled,13.000,73466.000,0
WB_Disabled,13.500,81622.000,0
WB_Disabled,14.000,82378.000,0
WB_Disabled,14.500,76843.000,0
WB_Disabled,15.000,81840.000,0
WB_Disabled,15.500,82280.000,0
WB_Disabled,16.000,82761.000,0
WB_Disabled,16.500,82384.000,0
WB_Disabled,17.000,79589.000,0
WB_Disabled,17.500,82826.000,0
WB_Disabled,18.000,83128.000,0
WB_Disabled,18.500,82537.000,0
WB_Disabled,19.000,82622.000,0
WB_Disabled,19.500,82078.000,0
WB_Disabled,20.001,82390.000,0
WB_Disabled,20.500,81264.000,0
WB_Disabled,21.001,83454.000,0
WB_Disabled,21.500,79234.000,0
WB_Disabled,22.000,82494.000,0
WB_Disabled,22.500,82639.000,0
WB_Disabled,23.000,78656.000,0
WB_Disabled,23.500,72034.000,0
WB_Disabled,24.000,82236.000,0
WB_Disabled,24.500,82112.000,0
WB_Disabled,25.000,82836.000,0
WB_Disabled,25.500,83046.000,0
WB_Disabled,26.000,71340.000,0
WB_Disabled,26.500,81641.000,0
WB_Disabled,27.000,83184.000,0
WB_Disabled,27.500,82084.000,0
WB_Disabled,28.000,82792.000,0
WB_Disabled,28.500,79501.000,0
WB_Disabled,29.000,80380.000,0
WB_Disabled,29.500,79781.000,0
WB_Disabled,30.000,69564.000,0
WB_Disabled,30.500,72118.000,0
WB_Disabled,31.001,81874.000,0
WB_Disabled,31.500,80679.000,0
WB_Disabled,32.001,81852.000,0
WB_Disabled,32.500,82262.000,0
WB_Disabled,33.001,81300.000,0
WB_Disabled,33.500,81454.000,0
WB_Disabled,34.001,74906.000,0
WB_Disabled,34.500,77847.000,0
WB_Disabled,35.000,81368.000,0
WB_Disabled,35.500,81865.000,0
WB_Disabled,36.000,81298.000,0
WB_Disabled,36.500,81603.000,0
WB_Disabled,37.000,83178.000,0
WB_Disabled,37.500,80836.000,0
WB_Disabled,38.001,80432.000,0
WB_Disabled,38.500,83507.000,0
WB_Disabled,39.000,61609.000,0
WB_Disabled,39.501,53260.000,0
WB_Disabled,40.000,57342.000,0
WB_Disabled,40.501,47632.000,0
WB_Disabled,41.000,53116.000,0
WB_Disabled,41.500,56276.000,0
WB_Disabled,42.000,61148.000,0
WB_Disabled,42.500,60523.000,0
WB_Disabled,43.000,59404.000,0
WB_Disabled,43.500,53240.000,0
WB_Disabled,44.000,58342.000,0
WB_Disabled,44.500,59953.000,0
WB_Disabled,45.000,61006.000,0
WB_Disabled,45.500,56553.000,0
WB_Disabled,46.000,53088.000,0
WB_Disabled,46.500,59531.000,0
WB_Disabled,47.000,60635.000,0
WB_Disabled,47.500,60330.000,0
WB_Disabled,48.001,54396.000,0
WB_Disabled,48.500,55378.000,0
WB_Disabled,49.000,55985.000,0
WB_Disabled,49.500,58972.000,0
WB_Disabled,50.000,59899.000,0
WB_Disabled,50.500,56508.000,0
WB_Disabled,51.000,54166.000,0
WB_Disabled,51.500,58696.000,0
WB_Disabled,52.000,55076.000,0
WB_Disabled,52.500,54598.000,0
WB_Disabled,53.000,59360.000,0
WB_Disabled,53.500,56020.000,0
WB_Disabled,54.000,44981.000,0
WB_Disabled,54.500,45476.000,0
WB_Disabled,55.000,46684.000,0
WB_Disabled,55.500,51000.000,0
WB_Disabled,56.000,53156.000,0
WB_Disabled,56.500,45779.000,0
WB_Disabled,57.001,48374.000,0
WB_Disabled,57.500,55901.000,0
WB_Disabled,58.000,54630.000,0
WB_Disabled,58.500,45905.000,0
WB_Disabled,59.000,51664.000,0
WB_Disabled,59.500,48997.000,0
WB_Disabled,60.000,48908.000,0
WB_Disabled,60.500,41699.000,0
WB_Disabled,61.000,30138.000,0
WB_Disabled,61.501,26566.000,0
WB_Disabled,62.000,33388.000,0
WB_Disabled,62.501,35502.000,0
WB_Disabled,63.000,26444.000,0
WB_Disabled,63.500,48298.000,0
WB_Disabled,64.001,50770.000,0
WB_Disabled,64.500,51515.000,0
WB_Disabled,65.000,53632.000,0
WB_Disabled,65.500,52967.000,0
WB_Disabled,66.000,54452.000,0
WB_Disabled,66.501,49290.000,0
WB_Disabled,67.000,47240.000,0
WB_Disabled,67.501,48094.000,0
WB_Disabled,68.000,50076.000,0
WB_Disabled,68.500,52728.000,0
WB_Disabled,69.000,51388.000,0
WB_Disabled,69.500,50030.000,0
WB_Disabled,70.000,46054.000,0
WB_Disabled,70.500,30682.000,0
WB_Disabled,71.000,31452.000,0
WB_Disabled,71.500,30947.000,0
WB_Disabled,72.000,31268.000,0
WB_Disabled,72.500,32743.000,0
WB_Disabled,73.000,34280.000,0
WB_Disabled,73.500,32362.000,0
WB_Disabled,74.001,33806.000,0
WB_Disabled,74.500,34308.000,0
WB_Disabled,75.000,33873.000,0
WB_Disabled,75.500,35681.000,0
WB_Disabled,76.000,35813.000,0
WB_Disabled,76.500,35776.000,0
WB_Disabled,77.000,36673.000,0
WB_Disabled,77.500,36250.000,0
WB_Disabled,78.000,37342.000,0
WB_Disabled,78.500,36697.000,0
WB_Disabled,79.001,36666.000,0
WB_Disabled,79.500,37829.000,0
WB_Disabled,80.000,40545.000,0
WB_Disabled,80.501,39888.000,0
WB_Disabled,81.000,43893.000,0
WB_Disabled,81.500,39503.000,0
WB_Disabled,82.000,39160.000,0
WB_Disabled,82.500,44428.000,0
WB_Disabled,83.000,44588.000,0
WB_Disabled,83.500,47404.000,0
WB_Disabled,84.000,36404.000,0
WB_Disabled,84.500,45623.000,0
WB_Disabled,85.000,43943.000,0
WB_Disabled,85.500,41624.000,0
WB_Disabled,86.000,41693.000,0
WB_Disabled,86.500,40926.000,0
WB_Disabled,87.001,40968.000,0
WB_Disabled,87.500,34739.000,0
WB_Disabled,88.000,33094.000,0
WB_Disabled,88.500,38018.000,0
WB_Disabled,89.000,41831.000,0
WB_Disabled,89.500,42102.000,0
WB_Disabled,90.000,40272.000,0
WB_Disabled,90.500,40278.000,0
WB_Disabled,91.000,30358.000,0
WB_Disabled,91.500,25378.000,0
WB_Disabled,92.000,25753.000,0
WB_Disabled,92.500,26062.000,0
WB_Disabled,93.000,25889.000,0
WB_Disabled,93.500,21026.000,0
WB_Disabled,94.000,21008.000,0
WB_Disabled,94.500,25513.000,0
WB_Disabled,95.000,25746.000,0
WB_Disabled,95.500,26641.000,0
WB_Disabled,96.000,26758.000,0
WB_Disabled,96.500,26945.000,0
WB_Disabled,97.000,26829.000,0
WB_Disabled,97.500,24144.000,0
WB_Disabled,98.000,22016.000,0
WB_Disabled,98.501,26016.000,0
WB_Disabled,99.000,25895.000,0
WB_Disabled,99.500,26983.000,0
WB_Disabled,100.000,27546.000,0
WB_Disabled,100.500,28322.000,0
WB_Disabled,101.000,28272.000,0
WB_Disabled,101.500,28356.000,0
WB_Disabled,102.000,28532.000,0
WB_Disabled,102.500,29689.000,0
WB_Disabled,103.000,28966.000,0
WB_Disabled,103.500,21947.000,0
WB_Disabled,104.000,26864.000,0
WB_Disabled,104.500,26106.000,0
WB_Disabled,105.000,28130.000,0
WB_Disabled,105.500,28975.000,0
WB_Disabled,106.000,28895.000,0
WB_Disabled,106.500,30992.000,0
WB_Disabled,107.000,31262.000,0
WB_Disabled,107.500,31286.000,0
WB_Disabled,108.000,29897.000,0
WB_Disabled,108.500,29507.000,0
WB_Disabled,109.000,25844.000,0
WB_Disabled,109.500,30014.000,0
WB_Disabled,110.000,29418.000,0
WB_Disabled,110.500,31392.000,0
WB_Disabled,111.000,31816.000,0
WB_Disabled,111.500,31334.000,0
WB_Disabled,112.000,31711.000,0
WB_Disabled,112.500,33330.000,0
WB_Disabled,113.000,31669.000,0
WB_Disabled,113.500,32812.000,0
WB_Disabled,114.000,33076.000,0
WB_Disabled,114.500,33376.000,0
WB_Disabled,115.001,33318.000,0
WB_Disabled,115.500,30575.000,0
WB_Disabled,116.000,31232.000,0
WB_Disabled,116.501,31476.000,0
WB_Disabled,117.000,30262.000,0
WB_Disabled,117.500,20883.000,0
WB_Disabled,118.000,19436.000,0
WB_Disabled,118.500,21941.000,0
WB_Disabled,119.000,22200.000,0
WB_Disabled,119.500,22338.000,0
WB_Disabled,120.000,14818.000,0
WB_Disabled,120.500,19933.000,0
WB_Disabled,121.000,21352.000,0
WB_Disabled,121.500,22350.000,0
WB_Disabled,122.000,22258.000,0
WB_Disabled,122.500,20392.000,0
WB_Disabled,123.000,15612.000,0
WB_Disabled,123.500,19609.000,0
WB_Disabled,124.000,21444.000,0
WB_Disabled,124.500,22172.000,0
WB_Disabled,125.000,22228.000,0
WB_Disabled,125.500,14246.000,0
WB_Disabled,126.000,15352.000,0
WB_Disabled,126.500,18388.000,0
WB_Disabled,127.001,20448.000,0
WB_Disabled,127.500,22370.000,0
WB_Disabled,128.001,16034.000,0
WB_Disabled,128.500,18645.000,0
WB_Disabled,129.000,19228.000,0
WB_Disabled,129.501,22338.000,0
WB_Disabled,130.000,19382.000,0
WB_Disabled,130.500,19725.000,0
WB_Disabled,131.000,14382.000,0
WB_Disabled,131.500,17645.000,0
WB_Disabled,132.000,21222.000,0
WB_Disabled,132.500,20929.000,0
WB_Disabled,133.000,21568.000,0
WB_Disabled,133.500,17400.000,0
WB_Disabled,134.000,17116.000,0
WB_Disabled,134.500,20671.000,0
WB_Disabled,135.000,22508.000,0
WB_Disabled,135.500,20771.000,0
WB_Disabled,136.000,20034.000,0
WB_Disabled,136.500,15655.000,0
WB_Disabled,137.001,18634.000,0
WB_Disabled,137.500,21428.000,0
WB_Disabled,138.000,22318.000,0
WB_Disabled,138.500,22444.000,0
WB_Disabled,139.000,20517.000,0
WB_Disabled,139.500,15288.000,0
WB_Disabled,140.000,18877.000,0
WB_Disabled,140.500,23102.000,0
WB_Disabled,141.000,22452.000,0
WB_Disabled,141.500,21312.000,0
WB_Disabled,142.000,21326.000,0
WB_Disabled,142.500,18995.000,0
WB_Disabled,143.000,20748.000,0
WB_Disabled,143.500,22038.000,0
WB_Disabled,144.000,22910.000,0
WB_Disabled,144.500,24074.000,0
WB_Disabled,145.000,22791.000,0
WB_Disabled,145.500,17640.000,0
WB_Disabled,146.000,20290.000,0
WB_Disabled,146.500,23448.000,0
WB_Disabled,147.000,23382.000,0
WB_Disabled,147.500,24030.000,0
WB_Disabled,148.000,25306.000,0
WB_Disabled,148.500,21148.000,0
WB_Disabled,149.001,19002.000,0
WB_Disabled,149.500,21873.000,0
WB_Disabled,150.000,22342.000,0
WB_Disabled,150.500,23050.000,0
WB_Disabled,151.000,23308.000,0
WB_Disabled,151.500,23364.000,0
WB_Disabled,152.000,21599.000,0
WB_Disabled,152.500,15697.000,0
WB_Disabled,153.000,20914.000,0
WB_Disabled,153.500,19600.000,0
WB_Disabled,154.000,17805.000,0
WB_Disabled,154.501,15768.000,0
WB_Disabled,155.000,13338.000,0
WB_Disabled,155.500,15338.000,0
WB_Disabled,156.000,18216.000,0
WB_Disabled,156.500,18474.000,0
WB_Disabled,157.000,11852.000,0
WB_Disabled,157.500,16050.000,0
WB_Disabled,158.000,17794.000,0
WB_Disabled,158.500,18286.000,0
WB_Disabled,159.000,18124.000,0
WB_Disabled,159.500,14470.000,0
WB_Disabled,160.000,13928.000,0
WB_Disabled,160.500,17222.000,0
WB_Disabled,161.000,18194.000,0
WB_Disabled,161.500,18827.000,0
WB_Disabled,162.000,12086.000,0
WB_Disabled,162.500,15764.000,0
WB_Disabled,163.000,18655.000,0
WB_Disabled,163.500,18778.000,0
WB_Disabled,164.000,13030.000,0
WB_Disabled,164.500,15782.000,0
WB_Disabled,165.000,17583.000,0
WB_Disabled,165.500,18600.000,0
WB_Disabled,166.000,18769.000,0
WB_Disabled,166.501,13096.000,0
WB_Disabled,167.000,15498.000,0
WB_Disabled,167.501,18390.000,0
WB_Disabled,168.000,18837.000,0
WB_Disabled,168.500,19276.000,0
WB_Disabled,169.000,16826.000,0
WB_Disabled,169.500,14030.000,0
WB_Disabled,170.001,16190.000,0
WB_Disabled,170.500,18973.000,0
WB_Disabled,171.000,18979.000,0
WB_Disabled,171.500,19136.000,0
WB_Disabled,172.000,16350.000,0
WB_Disabled,172.500,15650.000,0
WB_Disabled,173.000,16182.000,0
WB_Disabled,173.500,18600.000,0
WB_Disabled,174.000,18803.000,0
WB_Disabled,174.500,18854.000,0
WB_Disabled,175.000,12807.000,0
WB_Disabled,175.500,15580.000,0
WB_Disabled,176.000,19214.000,0
WB_Disabled,176.501,19542.000,0
WB_Disabled,177.000,19416.000,0
WB_Disabled,177.500,13942.000,0
WB_Disabled,178.000,16064.000,0
WB_Disabled,178.501,16888.000,0
WB_Disabled,179.000,18845.000,0
WB_Disabled,179.500,18749.000,0
WB_Disabled,180.000,13918.000,0
WB_Disabled,180.500,14745.000,0
WB_Disabled,181.000,18128.000,0
WB_Disabled,181.500,18523.000,0
WB_Disabled,182.000,15942.000,0
WB_Disabled,182.500,14018.000,0
WB_Disabled,183.000,16128.000,0
WB_Disabled,183.500,17832.000,0
WB_Disabled,184.001,17694.000,0
WB_Disabled,184.500,16919.000,0
WB_Disabled,185.000,13762.000,0
WB_Disabled,185.500,14709.000,0
WB_Disabled,186.000,17925.000,0
WB_Disabled,186.500,17966.000,0
WB_Disabled,187.000,17668.000,0
WB_Disabled,187.500,10917.000,0
WB_Disabled,188.000,15568.000,0
WB_Disabled,188.500,17368.000,0
WB_Disabled,189.000,17070.000,0
WB_Disabled,189.500,14220.000,0
WB_Disabled,190.000,12398.000,0
WB_Disabled,190.500,13935.000,0
WB_Disabled,191.000,16204.000,0
WB_Disabled,191.500,16282.000,0
WB_Disabled,192.000,10142.000,0
WB_Disabled,192.500,14016.000,0
WB_Disabled,193.000,16702.000,0
WB_Disabled,193.501,16656.000,0
WB_Disabled,194.000,12959.000,0
WB_Disabled,194.500,12749.000,0
WB_Disabled,195.000,15964.000,0
WB_Disabled,195.500,16721.000,0
WB_Disabled,196.000,15118.000,0
WB_Disabled,196.501,11644.000,0
WB_Disabled,197.000,15234.000,0
WB_Disabled,197.501,16904.000,0
WB_Disabled,198.000,16949.000,0
WB_Disabled,198.500,13310.000,0
WB_Disabled,199.000,12707.000,0
WB_Disabled,199.500,16420.000,0
WB_Disabled,200.000,17340.000,0
WB_Disabled,200.500,15974.000,0
WB_Disabled,201.000,12006.000,0
WB_Disabled,201.500,15374.000,0
WB_Disabled,202.000,17509.000,0
WB_Disabled,202.500,17484.000,0
WB_Disabled,203.000,12096.000,0
WB_Disabled,203.500,14819.000,0
WB_Disabled,204.000,17541.000,0
WB_Disabled,204.500,17972.000,0
WB_Disabled,205.000,18032.000,0
WB_Disabled,205.500,15517.000,0
WB_Disabled,206.001,13340.000,0
WB_Disabled,206.500,16921.000,0
WB_Disabled,207.000,18456.000,0
WB_Disabled,207.500,18460.000,0
WB_Disabled,208.000,18276.000,0
WB_Disabled,208.500,12885.000,0
WB_Disabled,209.001,14734.000,0
WB_Disabled,209.500,15226.000,0
WB_Disabled,210.000,14741.000,0
WB_Disabled,210.500,14658.000,1
WB_Disabled,211.000,9204.000,1
WB_Disabled,211.500,12807.000,1
WB_Disabled,212.000,14460.000,1
WB_Disabled,212.500,14659.000,1
WB_Disabled,213.000,10132.000,1
WB_Disabled,213.500,11719.000,1
WB_Disabled,214.000,14514.000,1
WB_Disabled,214.500,14484.000,1
WB_Disabled,215.000,9971.000,1
WB_Disabled,215.500,11622.000,1
WB_Disabled,216.000,14280.000,1
WB_Disabled,216.501,14414.000,1
WB_Disabled,217.000,10060.000,1
WB_Disabled,217.500,11334.000,1
WB_Disabled,218.001,14186.000,1
WB_Disabled,218.501,14226.000,1
WB_Disabled,219.000,10635.000,1
WB_Disabled,219.500,11108.000,1
WB_Disabled,220.000,14166.000,1
WB_Disabled,220.500,14396.000,1
WB_Disabled,221.001,13388.000,1
WB_Disabled,221.500,9412.000,1
WB_Disabled,222.000,13663.000,1
WB_Disabled,222.500,14646.000,1
WB_Disabled,223.000,12006.000,1
WB_Disabled,223.500,10593.000,1
WB_Disabled,224.000,14076.000,1
WB_Disabled,224.500,14782.000,1
WB_Disabled,225.001,11422.000,1
WB_Disabled,225.500,12028.000,1
WB_Disabled,226.000,13951.000,1
WB_Disabled,226.500,14904.000,1
WB_Disabled,227.000,12533.000,1
WB_Disabled,227.500,11610.000,1
WB_Disabled,228.000,13581.000,1
WB_Disabled,228.500,14932.000,1
WB_Disabled,229.000,15250.000,1
WB_Disabled,229.500,9568.000,1
WB_Disabled,230.000,13392.000,1
WB_Disabled,230.500,15416.000,1
WB_Disabled,231.001,15540.000,1
WB_Disabled,231.500,9442.000,1
WB_Disabled,232.000,13805.000,1
WB_Disabled,232.500,15630.000,1
WB_Disabled,233.001,15654.000,1
WB_Disabled,233.500,10086.000,1
WB_Disabled,234.000,13517.000,1
WB_Disabled,234.500,15634.000,1
WB_Disabled,235.001,15712.000,1
WB_Disabled,235.500,12310.000,1
WB_Disabled,236.000,11334.000,1
WB_Disabled,236.500,15784.000,1
WB_Disabled,237.000,15667.000,1
WB_Disabled,237.500,13504.000,1
WB_Disabled,238.000,10521.000,1
WB_Disabled,238.500,15114.000,1
WB_Disabled,239.001,15742.000,1
WB_Disabled,239.500,13971.000,1
WB_Disabled,240.001,11628.000,1
WB_Disabled,240.500,14212.000,1
WB_Disabled,241.000,15912.000,1
WB_Disabled,241.500,15731.000,1
WB_Disabled,242.000,11268.000,1
WB_Disabled,242.500,12344.000,1
WB_Disabled,243.000,15710.000,1
WB_Disabled,243.500,15597.000,1
WB_Disabled,244.000,15640.000,1
WB_Disabled,244.500,14551.000,1
WB_Disabled,245.000,11352.000,1
WB_Disabled,245.500,11511.000,1
WB_Disabled,246.000,12436.000,1
WB_Disabled,246.500,9852.000,1
WB_Disabled,247.000,8937.000,1
WB_Disabled,247.500,11982.000,1
WB_Disabled,248.000,12520.000,1
WB_Disabled,248.500,12597.000,1
WB_Disabled,249.000,12224.000,1
WB_Disabled,249.500,11519.000,1
WB_Disabled,250.000,8914.000,1
WB_Disabled,250.500,10767.000,1
WB_Disabled,251.000,12524.000,1
WB_Disabled,251.500,12601.000,1
WB_Disabled,252.000,11350.000,1
WB_Disabled,252.500,9780.000,1
WB_Disabled,253.000,10150.000,1
WB_Disabled,253.500,12498.000,1
WB_Disabled,254.000,12642.000,1
WB_Disabled,254.501,9388.000,1
WB_Disabled,255.000,9791.000,1
WB_Disabled,255.500,12794.000,1
WB_Disabled,256.000,13012.000,1
WB_Disabled,256.500,10476.000,1
WB_Disabled,257.000,8858.000,1
WB_Disabled,257.500,12909.000,1
WB_Disabled,258.000,12940.000,1
WB_Disabled,258.500,11911.000,1
WB_Disabled,259.000,8386.000,1
WB_Disabled,259.500,12054.000,1
WB_Disabled,260.000,13012.000,1
WB_Disabled,260.500,12554.000,1
WB_Disabled,261.000,7515.000,1
WB_Disabled,261.500,12398.000,1
WB_Disabled,262.000,13036.000,1
WB_Disabled,262.500,11520.000,1
WB_Disabled,263.000,8446.000,1
WB_Disabled,263.500,12597.000,1
WB_Disabled,264.001,12886.000,1
WB_Disabled,264.500,12875.000,1
WB_Disabled,265.000,7418.000,1
WB_Disabled,265.501,12000.000,1
WB_Disabled,266.000,12993.000,1
WB_Disabled,266.500,12893.000,1
WB_Disabled,267.000,8960.000,1
WB_Disabled,267.500,10619.000,1
WB_Disabled,268.000,13046.000,1
WB_Disabled,268.500,13050.000,1
WB_Disabled,269.000,13102.000,1
WB_Disabled,269.500,8390.000,1
WB_Disabled,270.000,11228.000,1
WB_Disabled,270.500,13052.000,1
WB_Disabled,271.000,13056.000,1
WB_Disabled,271.500,10066.000,1
WB_Disabled,272.000,9482.000,1
WB_Disabled,272.500,13030.000,1
WB_Disabled,273.000,10629.000,1
WB_Disabled,273.500,8882.000,1
WB_Disabled,274.000,13046.000,1
WB_Disabled,274.500,8520.000,1
WB_Disabled,275.000,10996.000,1
WB_Disabled,275.500,12927.000,1
WB_Disabled,276.000,12915.000,1
WB_Disabled,276.500,9012.000,1
WB_Disabled,277.001,10628.000,1
WB_Disabled,277.500,13166.000,1
WB_Disabled,278.000,13142.000,1
WB_Disabled,278.500,8691.000,1
WB_Disabled,279.000,11138.000,1
WB_Disabled,279.500,13094.000,1
WB_Disabled,280.000,12994.000,1
WB_Disabled,280.500,8112.000,1
WB_Disabled,281.000,11314.000,1
WB_Disabled,281.501,12632.000,1
WB_Disabled,282.000,11643.000,1
WB_Disabled,282.500,8312.000,1
WB_Disabled,283.000,9202.000,1
WB_Disabled,283.500,11673.000,1
WB_Disabled,284.000,11572.000,1
WB_Disabled,284.500,11046.000,1
WB_Disabled,285.000,7028.000,1
WB_Disabled,285.500,11208.000,1
WB_Disabled,286.001,11788.000,1
WB_Disabled,286.500,8517.000,1
WB_Disabled,287.000,9717.000,1
WB_Disabled,287.500,10875.000,1
WB_Disabled,288.000,11732.000,1
WB_Disabled,288.500,11621.000,1
WB_Disabled,289.000,11514.000,1
WB_Disabled,289.500,11671.000,1
WB_Disabled,290.000,11654.000,1
WB_Disabled,290.500,10452.000,1
WB_Disabled,291.000,8458.000,1
WB_Disabled,291.500,10378.000,1
WB_Disabled,292.000,11642.000,1
WB_Disabled,292.500,11529.000,1
WB_Disabled,293.000,8744.000,1
WB_Disabled,293.500,9334.000,1
WB_Disabled,294.001,10862.000,1
WB_Disabled,294.500,11480.000,1
WB_Disabled,295.001,11434.000,1
WB_Disabled,295.500,7607.000,1
WB_Disabled,296.000,9621.000,1
WB_Disabled,296.500,11458.000,1
WB_Disabled,297.000,11438.000,1
WB_Disabled,297.500,11563.000,1
WB_Disabled,298.000,8928.000,1
WB_Disabled,298.500,8679.000,1
WB_Disabled,299.000,11316.000,1
WB_Disabled,299.500,11644.000,1
WB_Disabled,300.000,11506.000,1
ssd_test_20260304_154353_iops.log_iops.1,0.148,28810.000,0
ssd_test_20260304_154353_iops.log_iops.1,0.198,28340.000,0
ssd_test_20260304_154353_iops.log_iops.1,0.248,27660.000,0
ssd_test_20260304_154353_iops.log_iops.1,0.298,28260.000,0
ssd_test_20260304_154353_iops.log_iops.1,0.348,27000.000,0
ssd_test_20260304_154353_iops.log_iops.1,0.400,22960.000,0
ssd_test_20260304_154353_iops.log_iops.1,0.450,22900.000,0
ssd_test_20260304_154353_iops.log_iops.1,0.500,23500.000,0
ssd_test_20260304_154353_iops.log_iops.1,0.551,30320.000,0
ssd_test_20260304_154353_iops.log_iops.1,0.600,28673.000,0
ssd_test_20260304_154353_iops.log_iops.1,0.650,32480.000,0
ssd_test_20260304_154353_iops.log_iops.1,0.700,29360.000,0
ssd_test_20260304_154353_iops.log_iops.1,0.750,28600.000,0
ssd_test_20260304_154353_iops.log_iops.1,0.800,34520.000,0
ssd_test_20260304_154353_iops.log_iops.1,0.850,33200.000,0
ssd_test_20260304_154353_iops.log_iops.1,0.900,32081.000,0
ssd_test_20260304_154353_iops.log_iops.1,0.950,31020.000,0
ssd_test_20260304_154353_iops.log_iops.1,1.000,32020.000,0
ssd_test_20260304_154353_iops.log_iops.1,1.050,29500.000,0
ssd_test_20260304_154353_iops.log_iops.1,1.100,30240.000,0
ssd_test_20260304_154353_iops.log_iops.1,1.150,29480.000,0
ssd_test_20260304_154353_iops.log_iops.1,1.200,30000.000,0
ssd_test_20260304_154353_iops.log_iops.1,1.250,27240.000,0
ssd_test_20260304_154353_iops.log_iops.1,1.300,30460.000,0
ssd_test_20260304_154353_iops.log_iops.1,1.350,29380.000,0
ssd_test_20260304_154353_iops.log_iops.1,1.400,25653.000,0
ssd_test_20260304_154353_iops.log_iops.1,1.450,20000.000,0
ssd_test_20260304_154353_iops.log_iops.1,1.500,21620.000,0
ssd_test_20260304_154353_iops.log_iops.1,1.550,26320.000,0
ssd_test_20260304_154353_iops.log_iops.1,1.600,28480.000,0
ssd_test_20260304_154353_iops.log_iops.1,1.650,32180.000,0
ssd_test_20260304_154353_iops.log_iops.1,1.700,27720.000,0
ssd_test_20260304_154353_iops.log_iops.1,1.751,30220.000,0
ssd_test_20260304_154353_iops.log_iops.1,1.800,30285.000,0
ssd_test_20260304_154353_iops.log_iops.1,1.850,29340.000,0
ssd_test_20260304_154353_iops.log_iops.1,1.900,32880.000,0
ssd_test_20260304_154353_iops.log_iops.1,1.950,30320.000,0
ssd_test_20260304_154353_iops.log_iops.1,2.000,17600.000,0
ssd_test_20260304_154353_iops.log_iops.1,2.050,33260.000,0
ssd_test_20260304_154353_iops.log_iops.1,2.100,30020.000,0
ssd_test_20260304_154353_iops.log_iops.1,2.150,30460.000,0
ssd_test_20260304_154353_iops.log_iops.1,2.201,30000.000,0
ssd_test_20260304_154353_iops.log_iops.1,2.250,29857.000,0
ssd_test_20260304_154353_iops.log_iops.1,2.300,27200.000,0
ssd_test_20260304_154353_iops.log_iops.1,2.350,30420.000,0
ssd_test_20260304_154353_iops.log_iops.1,2.400,27540.000,0
ssd_test_20260304_154353_iops.log_iops.1,2.450,31760.000,0
ssd_test_20260304_154353_iops.log_iops.1,2.500,25180.000,0
ssd_test_20260304_154353_iops.log_iops.1,2.550,25460.000,0
ssd_test_20260304_154353_iops.log_iops.1,2.600,25940.000,0
ssd_test_20260304_154353_iops.log_iops.1,2.650,31320.000,0
ssd_test_20260304_154353_iops.log_iops.1,2.701,31640.000,0
ssd_test_20260304_154353_iops.log_iops.1,2.750,32244.000,0
ssd_test_20260304_154353_iops.log_iops.1,2.800,30660.000,0
ssd_test_20260304_154353_iops.log_iops.1,2.850,30740.000,0
ssd_test_20260304_154353_iops.log_iops.1,2.900,33500.000,0
ssd_test_20260304_154353_iops.log_iops.1,2.950,28400.000,0
ssd_test_20260304_154353_iops.log_iops.1,3.000,22940.000,0
ssd_test_20260304_154353_iops.log_iops.1,3.050,30860.000,0
ssd_test_20260304_154353_iops.log_iops.1,3.100,32900.000,0
ssd_test_20260304_154353_iops.log_iops.1,3.150,31120.000,0
ssd_test_20260304_154353_iops.log_iops.1,3.200,30820.000,0
ssd_test_20260304_154353_iops.log_iops.1,3.250,32060.000,0
ssd_test_20260304_154353_iops.log_iops.1,3.301,29220.000,0
ssd_test_20260304_154353_iops.log_iops.1,3.350,31591.000,0
ssd_test_20260304_154353_iops.log_iops.1,3.400,31900.000,0
ssd_test_20260304_154353_iops.log_iops.1,3.450,26560.000,0
ssd_test_20260304_154353_iops.log_iops.1,3.500,26320.000,0
ssd_test_20260304_154353_iops.log_iops.1,3.550,30900.000,0
ssd_test_20260304_154353_iops.log_iops.1,3.600,29480.000,0
ssd_test_20260304_154353_iops.log_iops.1,3.650,29180.000,0
ssd_test_20260304_154353_iops.log_iops.1,3.700,29620.000,0
ssd_test_20260304_154353_iops.log_iops.1,3.751,28780.000,0
ssd_test_20260304_154353_iops.log_iops.1,3.800,31816.000,0
ssd_test_20260304_154353_iops.log_iops.1,3.850,30280.000,0
ssd_test_20260304_154353_iops.log_iops.1,3.900,25580.000,0
ssd_test_20260304_154353_iops.log_iops.1,3.950,29580.000,0
ssd_test_20260304_154353_iops.log_iops.1,4.000,29200.000,0
ssd_test_20260304_154353_iops.log_iops.1,4.050,29700.000,0
ssd_test_20260304_154353_iops.log_iops.1,4.100,28660.000,0
ssd_test_20260304_154353_iops.log_iops.1,4.150,30265.000,0
ssd_test_20260304_154353_iops.log_iops.1,4.200,25800.000,0
ssd_test_20260304_154353_iops.log_iops.1,4.250,26560.000,0
ssd_test_20260304_154353_iops.log_iops.1,4.300,24180.000,0
ssd_test_20260304_154353_iops.log_iops.1,4.350,32020.000,0
ssd_test_20260304_154353_iops.log_iops.1,4.400,28000.000,0
ssd_test_20260304_154353_iops.log_iops.1,4.450,26620.000,0
ssd_test_20260304_154353_iops.log_iops.1,4.501,29620.000,0
ssd_test_20260304_154353_iops.log_iops.1,4.550,29285.000,0
ssd_test_20260304_154353_iops.log_iops.1,4.600,29920.000,0
ssd_test_20260304_154353_iops.log_iops.1,4.650,22940.000,0
ssd_test_20260304_154353_iops.log_iops.1,4.700,28660.000,0
ssd_test_20260304_154353_iops.log_iops.1,4.750,29480.000,0
ssd_test_20260304_154353_iops.log_iops.1,4.800,29780.000,0
ssd_test_20260304_154353_iops.log_iops.1,4.850,30080.000,0
ssd_test_20260304_154353_iops.log_iops.1,4.900,30061.000,0
ssd_test_20260304_154353_iops.log_iops.1,4.950,23060.000,0
ssd_test_20260304_154353_iops.log_iops.1,5.000,27420.000,0
ssd_test_20260304_154353_iops.log_iops.1,5.050,28260.000,0
ssd_test_20260304_154353_iops.log_iops.1,5.100,29180.000,0
ssd_test_20260304_154353_iops.log_iops.1,5.150,28340.000,0
ssd_test_20260304_154353_iops.log_iops.1,5.200,25800.000,0
ssd_test_20260304_154353_iops.log_iops.1,5.250,23640.000,0
ssd_test_20260304_154353_iops.log_iops.1,5.301,30180.000,0
ssd_test_20260304_154353_iops.log_iops.1,5.350,32367.000,0
ssd_test_20260304_154353_iops.log_iops.1,5.400,29420.000,0
ssd_test_20260304_154353_iops.log_iops.1,5.450,31580.000,0
ssd_test_20260304_154353_iops.log_iops.1,5.500,31060.000,0
ssd_test_20260304_154353_iops.log_iops.1,5.550,27960.000,0
ssd_test_20260304_154353_iops.log_iops.1,5.600,29560.000,0
ssd_test_20260304_154353_iops.log_iops.1,5.650,25700.000,0
ssd_test_20260304_154353_iops.log_iops.1,5.700,30040.000,0
ssd_test_20260304_154353_iops.log_iops.1,5.751,27500.000,0
ssd_test_20260304_154353_iops.log_iops.1,5.800,30510.000,0
ssd_test_20260304_154353_iops.log_iops.1,5.850,25880.000,0
ssd_test_20260304_154353_iops.log_iops.1,5.900,27900.000,0
ssd_test_20260304_154353_iops.log_iops.1,5.950,14020.000,0
ssd_test_20260304_154353_iops.log_iops.1,6.000,22280.000,0
ssd_test_20260304_154353_iops.log_iops.1,6.050,28140.000,0
ssd_test_20260304_154353_iops.log_iops.1,6.100,31080.000,0
ssd_test_20260304_154353_iops.log_iops.1,6.150,26142.000,0
ssd_test_20260304_154353_iops.log_iops.1,6.200,27340.000,0
ssd_test_20260304_154353_iops.log_iops.1,6.250,29920.000,0
ssd_test_20260304_154353_iops.log_iops.1,6.300,28160.000,0
ssd_test_20260304_154353_iops.log_iops.1,6.350,26500.000,0
ssd_test_20260304_154353_iops.log_iops.1,6.400,30980.000,0
ssd_test_20260304_154353_iops.log_iops.1,6.451,23500.000,0
ssd_test_20260304_154353_iops.log_iops.1,6.500,22387.000,0
ssd_test_20260304_154353_iops.log_iops.1,6.550,25260.000,0
ssd_test_20260304_154353_iops.log_iops.1,6.600,27560.000,0
ssd_test_20260304_154353_iops.log_iops.1,6.650,30060.000,0
ssd_test_20260304_154353_iops.log_iops.1,6.700,29580.000,0
ssd_test_20260304_154353_iops.log_iops.1,6.750,28800.000,0
ssd_test_20260304_154353_iops.log_iops.1,6.800,28700.000,0
ssd_test_20260304_154353_iops.log_iops.1,6.850,26960.000,0
ssd_test_20260304_154353_iops.log_iops.1,6.900,30897.000,0
ssd_test_20260304_154353_iops.log_iops.1,6.950,30400.000,0
ssd_test_20260304_154353_iops.log_iops.1,7.000,29600.000,0
ssd_test_20260304_154353_iops.log_iops.1,7.050,23820.000,0
ssd_test_20260304_154353_iops.log_iops.1,7.100,30420.000,0
ssd_test_20260304_154353_iops.log_iops.1,7.150,28560.000,0
ssd_test_20260304_154353_iops.log_iops.1,7.200,29120.000,0
ssd_test_20260304_154353_iops.log_iops.1,7.250,26460.000,0
ssd_test_20260304_154353_iops.log_iops.1,7.300,25300.000,0
ssd_test_20260304_154353_iops.log_iops.1,7.350,28140.000,0
ssd_test_20260304_154353_iops.log_iops.1,7.400,29081.000,0
ssd_test_20260304_154353_iops.log_iops.1,7.450,26440.000,0
ssd_test_20260304_154353_iops.log_iops.1,7.500,29280.000,0
ssd_test_20260304_154353_iops.log_iops.1,7.550,29400.000,0
ssd_test_20260304_154353_iops.log_iops.1,7.600,30200.000,0
ssd_test_20260304_154353_iops.log_iops.1,7.650,29860.000,0
ssd_test_20260304_154353_iops.log_iops.1,7.700,30240.000,0
ssd_test_20260304_154353_iops.log_iops.1,7.750,31500.000,0
ssd_test_20260304_154353_iops.log_iops.1,7.801,32060.000,0
ssd_test_20260304_154353_iops.log_iops.1,7.850,32244.000,0
ssd_test_20260304_154353_iops.log_iops.1,7.900,30480.000,0
ssd_test_20260304_154353_iops.log_iops.1,7.950,30320.000,0
ssd_test_20260304_154353_iops.log_iops.1,8.000,31320.000,0
ssd_test_20260304_154353_iops.log_iops.1,8.050,28840.000,0
ssd_test_20260304_154353_iops.log_iops.1,8.100,27460.000,0
ssd_test_20260304_154353_iops.log_iops.1,8.150,31320.000,0
ssd_test_20260304_154353_iops.log_iops.1,8.200,26800.000,0
ssd_test_20260304_154353_iops.log_iops.1,8.250,29400.000,0
ssd_test_20260304_154353_iops.log_iops.1,8.300,28320.000,0
ssd_test_20260304_154353_iops.log_iops.1,8.350,29640.000,0
ssd_test_20260304_154353_iops.log_iops.1,8.400,25000.000,0
ssd_test_20260304_154353_iops.log_iops.1,8.450,28560.000,0
ssd_test_20260304_154353_iops.log_iops.1,8.500,29800.000,0
ssd_test_20260304_154353_iops.log_iops.1,8.550,28360.000,0
ssd_test_20260304_154353_iops.log_iops.1,8.600,29600.000,0
ssd_test_20260304_154353_iops.log_iops.1,8.650,33640.000,0
ssd_test_20260304_154353_iops.log_iops.1,8.701,32600.000,0
ssd_test_20260304_154353_iops.log_iops.1,8.750,29326.000,0
ssd_test_20260304_154353_iops.log_iops.1,8.800,27480.000,0
ssd_test_20260304_154353_iops.log_iops.1,8.850,28260.000,0
ssd_test_20260304_154353_iops.log_iops.1,8.900,30280.000,0
ssd_test_20260304_154353_iops.log_iops.1,8.950,29200.000,0
ssd_test_20260304_154353_iops.log_iops.1,9.000,29500.000,0
ssd_test_20260304_154353_iops.log_iops.1,9.050,29620.000,0
ssd_test_20260304_154353_iops.log_iops.1,9.100,30060.000,0
ssd_test_20260304_154353_iops.log_iops.1,9.150,27920.000,0
ssd_test_20260304_154353_iops.log_iops.1,9.200,28900.000,0
ssd_test_20260304_154353_iops.log_iops.1,9.250,24960.000,0
ssd_test_20260304_154353_iops.log_iops.1,9.301,23940.000,0
ssd_test_20260304_154353_iops.log_iops.1,9.350,27959.000,0
ssd_test_20260304_154353_iops.log_iops.1,9.400,30140.000,0
ssd_test_20260304_154353_iops.log_iops.1,9.450,26660.000,0
ssd_test_20260304_154353_iops.log_iops.1,9.500,28680.000,0
ssd_test_20260304_154353_iops.log_iops.1,9.550,26920.000,0
ssd_test_20260304_154353_iops.log_iops.1,9.600,27500.000,0
ssd_test_20260304_154353_iops.log_iops.1,9.650,30000.000,0
ssd_test_20260304_154353_iops.log_iops.1,9.701,26860.000,0
ssd_test_20260304_154353_iops.log_iops.1,9.750,29428.000,0
ssd_test_20260304_154353_iops.log_iops.1,9.800,31320.000,0
ssd_test_20260304_154353_iops.log_iops.1,9.850,29360.000,0
ssd_test_20260304_154353_iops.log_iops.1,9.900,28960.000,0
ssd_test_20260304_154353_iops.log_iops.1,9.950,28740.000,0
ssd_test_20260304_154353_iops.log_iops.1,10.000,27880.000,0
ssd_test_20260304_154353_iops.log_iops.1,10.050,25500.000,0
ssd_test_20260304_154353_iops.log_iops.1,10.100,24100.000,0
ssd_test_20260304_154353_iops.log_iops.1,10.150,26440.000,0
ssd_test_20260304_154353_iops.log_iops.1,10.200,29080.000,0
ssd_test_20260304_154353_iops.log_iops.1,10.251,27400.000,0
ssd_test_20260304_154353_iops.log_iops.1,10.300,30102.000,0
ssd_test_20260304_154353_iops.log_iops.1,10.350,31600.000,0
ssd_test_20260304_154353_iops.log_iops.1,10.400,24920.000,0
ssd_test_20260304_154353_iops.log_iops.1,10.450,27840.000,0
ssd_test_20260304_154353_iops.log_iops.1,10.500,27800.000,0
ssd_test_20260304_154353_iops.log_iops.1,10.550,30340.000,0
ssd_test_20260304_154353_iops.log_iops.1,10.600,29880.000,0
ssd_test_20260304_154353_iops.log_iops.1,10.650,30380.000,0
ssd_test_20260304_154353_iops.log_iops.1,10.700,30440.000,0
ssd_test_20260304_154353_iops.log_iops.1,10.750,30740.000,0
ssd_test_20260304_154353_iops.log_iops.1,10.800,26820.000,0
ssd_test_20260304_154353_iops.log_iops.1,10.851,28200.000,0
ssd_test_20260304_154353_iops.log_iops.1,10.900,31122.000,0
ssd_test_20260304_154353_iops.log_iops.1,10.950,24980.000,0
ssd_test_20260304_154353_iops.log_iops.1,11.000,28900.000,0
ssd_test_20260304_154353_iops.log_iops.1,11.050,29380.000,0
ssd_test_20260304_154353_iops.log_iops.1,11.100,28820.000,0
ssd_test_20260304_154353_iops.log_iops.1,11.150,32520.000,0
ssd_test_20260304_154353_iops.log_iops.1,11.200,25180.000,0
ssd_test_20260304_154353_iops.log_iops.1,11.250,27600.000,0
ssd_test_20260304_154353_iops.log_iops.1,11.301,25260.000,0
ssd_test_20260304_154353_iops.log_iops.1,11.350,26775.000,0
ssd_test_20260304_154353_iops.log_iops.1,11.400,27460.000,0
ssd_test_20260304_154353_iops.log_iops.1,11.450,28780.000,0
ssd_test_20260304_154353_iops.log_iops.1,11.500,20360.000,0
ssd_test_20260304_154353_iops.log_iops.1,11.551,25900.000,0
ssd_test_20260304_154353_iops.log_iops.1,11.600,25938.000,0
ssd_test_20260304_154353_iops.log_iops.1,11.650,31060.000,0
ssd_test_20260304_154353_iops.log_iops.1,11.700,30020.000,0
ssd_test_20260304_154353_iops.log_iops.1,11.750,27180.000,0
ssd_test_20260304_154353_iops.log_iops.1,11.800,30120.000,0
ssd_test_20260304_154353_iops.log_iops.1,11.850,32360.000,0
ssd_test_20260304_154353_iops.log_iops.1,11.900,30816.000,0
ssd_test_20260304_154353_iops.log_iops.1,11.950,33140.000,0
ssd_test_20260304_154353_iops.log_iops.1,12.000,30800.000,0
ssd_test_20260304_154353_iops.log_iops.1,12.050,29900.000,0
ssd_test_20260304_154353_iops.log_iops.1,12.100,28440.000,0
ssd_test_20260304_154353_iops.log_iops.1,12.150,31720.000,0
ssd_test_20260304_154353_iops.log_iops.1,12.200,28680.000,0
ssd_test_20260304_154353_iops.log_iops.1,12.250,27560.000,0
ssd_test_20260304_154353_iops.log_iops.1,12.300,30900.000,0
ssd_test_20260304_154353_iops.log_iops.1,12.350,21600.000,0
ssd_test_20260304_154353_iops.log_iops.1,12.400,25591.000,0
ssd_test_20260304_154353_iops.log_iops.1,12.450,26720.000,0
ssd_test_20260304_154353_iops.log_iops.1,12.500,28720.000,0
ssd_test_20260304_154353_iops.log_iops.1,12.550,27900.000,0
ssd_test_20260304_154353_iops.log_iops.1,12.600,24220.000,0
ssd_test_20260304_154353_iops.log_iops.1,12.650,20500.000,0
ssd_test_20260304_154353_iops.log_iops.1,12.700,30480.000,0
ssd_test_20260304_154353_iops.log_iops.1,12.750,27760.000,0
ssd_test_20260304_154353_iops.log_iops.1,12.800,27380.000,0
ssd_test_20260304_154353_iops.log_iops.1,12.850,28400.000,0
ssd_test_20260304_154353_iops.log_iops.1,12.900,31020.000,0
ssd_test_20260304_154353_iops.log_iops.1,12.950,30600.000,0
ssd_test_20260304_154353_iops.log_iops.1,13.000,32080.000,0
ssd_test_20260304_154353_iops.log_iops.1,13.050,28620.000,0
ssd_test_20260304_154353_iops.log_iops.1,13.100,32140.000,0
ssd_test_20260304_154353_iops.log_iops.1,13.150,28940.000,0
ssd_test_20260304_154353_iops.log_iops.1,13.200,29020.000,0
ssd_test_20260304_154353_iops.log_iops.1,13.250,24740.000,0
ssd_test_20260304_154353_iops.log_iops.1,13.300,27340.000,0
ssd_test_20260304_154353_iops.log_iops.1,13.350,27640.000,0
ssd_test_20260304_154353_iops.log_iops.1,13.401,28020.000,0
ssd_test_20260304_154353_iops.log_iops.1,13.450,26469.000,0
ssd_test_20260304_154353_iops.log_iops.1,13.500,26660.000,0
ssd_test_20260304_154353_iops.log_iops.1,13.550,28500.000,0
ssd_test_20260304_154353_iops.log_iops.1,13.600,23840.000,0
ssd_test_20260304_154353_iops.log_iops.1,13.650,29300.000,0
ssd_test_20260304_154353_iops.log_iops.1,13.701,29140.000,0
ssd_test_20260304_154353_iops.log_iops.1,13.750,22204.000,0
ssd_test_20260304_154353_iops.log_iops.1,13.800,20200.000,0
ssd_test_20260304_154353_iops.log_iops.1,13.850,21980.000,0
ssd_test_20260304_154353_iops.log_iops.1,13.900,23340.000,0
ssd_test_20260304_154353_iops.log_iops.1,13.951,24020.000,0
ssd_test_20260304_154353_iops.log_iops.1,14.000,19836.000,0
ssd_test_20260304_154353_iops.log_iops.1,14.052,21326.000,0
ssd_test_20260304_154353_iops.log_iops.1,14.102,15440.000,0
ssd_test_20260304_154353_iops.log_iops.1,14.152,25060.000,0
ssd_test_20260304_154353_iops.log_iops.1,14.203,27080.000,0
ssd_test_20260304_154353_iops.log_iops.1,14.253,26560.000,0
ssd_test_20260304_154353_iops.log_iops.1,14.303,24300.000,0
ssd_test_20260304_154353_iops.log_iops.1,14.353,20760.000,0
ssd_test_20260304_154353_iops.log_iops.1,14.404,27980.000,0
ssd_test_20260304_154353_iops.log_iops.1,14.454,20260.000,0
ssd_test_20260304_154353_iops.log_iops.1,14.504,25220.000,0
ssd_test_20260304_154353_iops.log_iops.1,14.554,30480.000,0
ssd_test_20260304_154353_iops.log_iops.1,14.605,28340.000,0
ssd_test_20260304_154353_iops.log_iops.1,14.655,25940.000,0
ssd_test_20260304_154353_iops.log_iops.1,14.705,30780.000,0
ssd_test_20260304_154353_iops.log_iops.1,14.755,29100.000,0
ssd_test_20260304_154353_iops.log_iops.1,14.806,23160.000,0
ssd_test_20260304_154353_iops.log_iops.1,14.856,25760.000,0
ssd_test_20260304_154353_iops.log_iops.1,14.906,27700.000,0
ssd_test_20260304_154353_iops.log_iops.1,14.956,29200.000,0
ssd_test_20260304_154353_iops.log_iops.1,15.006,29880.000,0
ssd_test_20260304_154353_iops.log_iops.1,15.056,27780.000,0
ssd_test_20260304_154353_iops.log_iops.1,15.107,29480.000,0
ssd_test_20260304_154353_iops.log_iops.1,15.157,33140.000,0
ssd_test_20260304_154353_iops.log_iops.1,15.207,28800.000,0
ssd_test_20260304_154353_iops.log_iops.1,15.257,30960.000,0
ssd_test_20260304_154353_iops.log_iops.1,15.307,28640.000,0
ssd_test_20260304_154353_iops.log_iops.1,15.357,28820.000,0
ssd_test_20260304_154353_iops.log_iops.1,15.408,24640.000,0
ssd_test_20260304_154353_iops.log_iops.1,15.458,25520.000,0
ssd_test_20260304_154353_iops.log_iops.1,15.508,26400.000,0
ssd_test_20260304_154353_iops.log_iops.1,15.558,31680.000,0
ssd_test_20260304_154353_iops.log_iops.1,15.608,29260.000,0
ssd_test_20260304_154353_iops.log_iops.1,15.659,28880.000,0
ssd_test_20260304_154353_iops.log_iops.1,15.709,30220.000,0
ssd_test_20260304_154353_iops.log_iops.1,15.759,30280.000,0
ssd_test_20260304_154353_iops.log_iops.1,15.809,28560.000,0
ssd_test_20260304_154353_iops.log_iops.1,15.859,29940.000,0
ssd_test_20260304_154353_iops.log_iops.1,15.909,32800.000,0
ssd_test_20260304_154353_iops.log_iops.1,15.959,20060.000,0
ssd_test_20260304_154353_iops.log_iops.1,16.010,19540.000,0
ssd_test_20260304_154353_iops.log_iops.1,16.060,27400.000,0
ssd_test_20260304_154353_iops.log_iops.1,16.110,26040.000,0
ssd_test_20260304_154353_iops.log_iops.1,16.160,22960.000,0
ssd_test_20260304_154353_iops.log_iops.1,16.210,28660.000,0
ssd_test_20260304_154353_iops.log_iops.1,16.260,24820.000,0
ssd_test_20260304_154353_iops.log_iops.1,16.311,29860.000,0
ssd_test_20260304_154353_iops.log_iops.1,16.361,31320.000,0
ssd_test_20260304_154353_iops.log_iops.1,16.411,26940.000,0
ssd_test_20260304_154353_iops.log_iops.1,16.461,25020.000,0
ssd_test_20260304_154353_iops.log_iops.1,16.511,26700.000,0
ssd_test_20260304_154353_iops.log_iops.1,16.562,30400.000,0
ssd_test_20260304_154353_iops.log_iops.1,16.612,28400.000,0
ssd_test_20260304_154353_iops.log_iops.1,16.662,31200.000,0
ssd_test_20260304_154353_iops.log_iops.1,16.712,31020.000,0
ssd_test_20260304_154353_iops.log_iops.1,16.762,28480.000,0
ssd_test_20260304_154353_iops.log_iops.1,16.812,28340.000,0
ssd_test_20260304_154353_iops.log_iops.1,16.862,31220.000,0
ssd_test_20260304_154353_iops.log_iops.1,16.912,28580.000,0
ssd_test_20260304_154353_iops.log_iops.1,16.963,28060.000,0
ssd_test_20260304_154353_iops.log_iops.1,17.013,31180.000,0
ssd_test_20260304_154353_iops.log_iops.1,17.063,27140.000,0
ssd_test_20260304_154353_iops.log_iops.1,17.113,30760.000,0
ssd_test_20260304_154353_iops.log_iops.1,17.163,27680.000,0
ssd_test_20260304_154353_iops.log_iops.1,17.214,31400.000,0
ssd_test_20260304_154353_iops.log_iops.1,17.264,27260.000,0
ssd_test_20260304_154353_iops.log_iops.1,17.314,23140.000,0
ssd_test_20260304_154353_iops.log_iops.1,17.364,31360.000,0
ssd_test_20260304_154353_iops.log_iops.1,17.415,28060.000,0
ssd_test_20260304_154353_iops.log_iops.1,17.465,29480.000,0
ssd_test_20260304_154353_iops.log_iops.1,17.515,29100.000,0
ssd_test_20260304_154353_iops.log_iops.1,17.565,26120.000,0
ssd_test_20260304_154353_iops.log_iops.1,17.615,25720.000,0
ssd_test_20260304_154353_iops.log_iops.1,17.665,32260.000,0
ssd_test_20260304_154353_iops.log_iops.1,17.715,25040.000,0
ssd_test_20260304_154353_iops.log_iops.1,17.765,25140.000,0
ssd_test_20260304_154353_iops.log_iops.1,17.815,32200.000,0
ssd_test_20260304_154353_iops.log_iops.1,17.866,32260.000,0
ssd_test_20260304_154353_iops.log_iops.1,17.916,26460.000,0
ssd_test_20260304_154353_iops.log_iops.1,17.966,31780.000,0
ssd_test_20260304_154353_iops.log_iops.1,18.016,29720.000,0
ssd_test_20260304_154353_iops.log_iops.1,18.066,30380.000,0
ssd_test_20260304_154353_iops.log_iops.1,18.116,30500.000,0
ssd_test_20260304_154353_iops.log_iops.1,18.166,28260.000,0
ssd_test_20260304_154353_iops.log_iops.1,18.216,32760.000,0
ssd_test_20260304_154353_iops.log_iops.1,18.267,26240.000,0
ssd_test_20260304_154353_iops.log_iops.1,18.317,28580.000,0
ssd_test_20260304_154353_iops.log_iops.1,18.367,25620.000,0
ssd_test_20260304_154353_iops.log_iops.1,18.417,28220.000,0
ssd_test_20260304_154353_iops.log_iops.1,18.468,29740.000,0
ssd_test_20260304_154353_iops.log_iops.1,18.518,27260.000,0
ssd_test_20260304_154353_iops.log_iops.1,18.568,29060.000,0
ssd_test_20260304_154353_iops.log_iops.1,18.618,27420.000,0
ssd_test_20260304_154353_iops.log_iops.1,18.668,29760.000,0
ssd_test_20260304_154353_iops.log_iops.1,18.718,31760.000,0
ssd_test_20260304_154353_iops.log_iops.1,18.768,29580.000,0
ssd_test_20260304_154353_iops.log_iops.1,18.819,28300.000,0
ssd_test_20260304_154353_iops.log_iops.1,18.869,29080.000,0
ssd_test_20260304_154353_iops.log_iops.1,18.919,30160.000,0
ssd_test_20260304_154353_iops.log_iops.1,18.969,29720.000,0
ssd_test_20260304_154353_iops.log_iops.1,19.019,30400.000,0
ssd_test_20260304_154353_iops.log_iops.1,19.069,28280.000,0
ssd_test_20260304_154353_iops.log_iops.1,19.119,31480.000,0
ssd_test_20260304_154353_iops.log_iops.1,19.169,29440.000,0
ssd_test_20260304_154353_iops.log_iops.1,19.220,30060.000,0
ssd_test_20260304_154353_iops.log_iops.1,19.270,28840.000,0
ssd_test_20260304_154353_iops.log_iops.1,19.320,27760.000,0
ssd_test_20260304_154353_iops.log_iops.1,19.370,26480.000,0
ssd_test_20260304_154353_iops.log_iops.1,19.421,28120.000,0
ssd_test_20260304_154353_iops.log_iops.1,19.471,29100.000,0
ssd_test_20260304_154353_iops.log_iops.1,19.521,27020.000,0
ssd_test_20260304_154353_iops.log_iops.1,19.571,31700.000,0
ssd_test_20260304_154353_iops.log_iops.1,19.621,26140.000,0
ssd_test_20260304_154353_iops.log_iops.1,19.671,28160.000,0
ssd_test_20260304_154353_iops.log_iops.1,19.722,29580.000,0
ssd_test_20260304_154353_iops.log_iops.1,19.772,30480.000,0
ssd_test_20260304_154353_iops.log_iops.1,19.822,29160.000,0
ssd_test_20260304_154353_iops.log_iops.1,19.872,34040.000,0
ssd_test_20260304_154353_iops.log_iops.1,19.922,27480.000,0
ssd_test_20260304_154353_iops.log_iops.1,19.972,28220.000,0
ssd_test_20260304_154353_iops.log_iops.1,20.022,30200.000,0
ssd_test_20260304_154353_iops.log_iops.1,20.073,27340.000,0
ssd_test_20260304_154353_iops.log_iops.1,20.123,33720.000,0
ssd_test_20260304_154353_iops.log_iops.1,20.173,33260.000,0
ssd_test_20260304_154353_iops.log_iops.1,20.223,33520.000,0
ssd_test_20260304_154353_iops.log_iops.1,20.273,28220.000,0
ssd_test_20260304_154353_iops.log_iops.1,20.323,32760.000,0
ssd_test_20260304_154353_iops.log_iops.1,20.373,30520.000,0
ssd_test_20260304_154353_iops.log_iops.1,20.424,29600.000,0
ssd_test_20260304_154353_iops.log_iops.1,20.474,29040.000,0
ssd_test_20260304_154353_iops.log_iops.1,20.524,28540.000,0
ssd_test_20260304_154353_iops.log_iops.1,20.574,27080.000,0
ssd_test_20260304_154353_iops.log_iops.1,20.624,25520.000,0
ssd_test_20260304_154353_iops.log_iops.1,20.675,31680.000,0
ssd_test_20260304_154353_iops.log_iops.1,20.725,31380.000,0
ssd_test_20260304_154353_iops.log_iops.1,20.775,30940.000,0
ssd_test_20260304_154353_iops.log_iops.1,20.825,28080.000,0
ssd_test_20260304_154353_iops.log_iops.1,20.875,29280.000,0
ssd_test_20260304_154353_iops.log_iops.1,20.925,29800.000,0
ssd_test_20260304_154353_iops.log_iops.1,20.975,31520.000,0
ssd_test_20260304_154353_iops.log_iops.1,21.025,28560.000,0
ssd_test_20260304_154353_iops.log_iops.1,21.076,31240.000,1
ssd_test_20260304_154353_iops.log_iops.1,21.126,29400.000,1
ssd_test_20260304_154353_iops.log_iops.1,21.176,32120.000,1
ssd_test_20260304_154353_iops.log_iops.1,21.226,28900.000,1
ssd_test_20260304_154353_iops.log_iops.1,21.276,28000.000,1
ssd_test_20260304_154353_iops.log_iops.1,21.326,30120.000,1
ssd_test_20260304_154353_iops.log_iops.1,21.376,31740.000,1
ssd_test_20260304_154353_iops.log_iops.1,21.427,26780.000,1
ssd_test_20260304_154353_iops.log_iops.1,21.477,19760.000,1
ssd_test_20260304_154353_iops.log_iops.1,21.527,25480.000,1
ssd_test_20260304_154353_iops.log_iops.1,21.577,28140.000,1
ssd_test_20260304_154353_iops.log_iops.1,21.628,28880.000,1
ssd_test_20260304_154353_iops.log_iops.1,21.678,29720.000,1
ssd_test_20260304_154353_iops.log_iops.1,21.728,26980.000,1
ssd_test_20260304_154353_iops.log_iops.1,21.778,28180.000,1
ssd_test_20260304_154353_iops.log_iops.1,21.828,30960.000,1
ssd_test_20260304_154353_iops.log_iops.1,21.878,30360.000,1
ssd_test_20260304_154353_iops.log_iops.1,21.928,31560.000,1
ssd_test_20260304_154353_iops.log_iops.1,21.979,27480.000,1
ssd_test_20260304_154353_iops.log_iops.1,22.029,32840.000,1
ssd_test_20260304_154353_iops.log_iops.1,22.079,32660.000,1
ssd_test_20260304_154353_iops.log_iops.1,22.129,30580.000,1
ssd_test_20260304_154353_iops.log_iops.1,22.179,27860.000,1
ssd_test_20260304_154353_iops.log_iops.1,22.229,29440.000,1
ssd_test_20260304_154353_iops.log_iops.1,22.279,28860.000,1
ssd_test_20260304_154353_iops.log_iops.1,22.330,31520.000,1
ssd_test_20260304_154353_iops.log_iops.1,22.380,31320.000,1
ssd_test_20260304_154353_iops.log_iops.1,22.430,26100.000,1
ssd_test_20260304_154353_iops.log_iops.1,22.480,28380.000,1
ssd_test_20260304_154353_iops.log_iops.1,22.531,30080.000,1
ssd_test_20260304_154353_iops.log_iops.1,22.581,31580.000,1
ssd_test_20260304_154353_iops.log_iops.1,22.631,28080.000,1
ssd_test_20260304_154353_iops.log_iops.1,22.681,30020.000,1
ssd_test_20260304_154353_iops.log_iops.1,22.731,31340.000,1
ssd_test_20260304_154353_iops.log_iops.1,22.781,28960.000,1
ssd_test_20260304_154353_iops.log_iops.1,22.831,28080.000,1
ssd_test_20260304_154353_iops.log_iops.1,22.881,29560.000,1
ssd_test_20260304_154353_iops.log_iops.1,22.932,33080.000,1
ssd_test_20260304_154353_iops.log_iops.1,22.982,29320.000,1
ssd_test_20260304_154353_iops.log_iops.1,23.032,32600.000,1
ssd_test_20260304_154353_iops.log_iops.1,23.082,31740.000,1
ssd_test_20260304_154353_iops.log_iops.1,23.132,29300.000,1
ssd_test_20260304_154353_iops.log_iops.1,23.182,27380.000,1
ssd_test_20260304_154353_iops.log_iops.1,23.232,27940.000,1
ssd_test_20260304_154353_iops.log_iops.1,23.282,31160.000,1
ssd_test_20260304_154353_iops.log_iops.1,23.333,31780.000,1
ssd_test_20260304_154353_iops.log_iops.1,23.383,27960.000,1
ssd_test_20260304_154353_iops.log_iops.1,23.433,28140.000,1
ssd_test_20260304_154353_iops.log_iops.1,23.483,28800.000,1
ssd_test_20260304_154353_iops.log_iops.1,23.533,29120.000,1
ssd_test_20260304_154353_iops.log_iops.1,23.583,30060.000,1
ssd_test_20260304_154353_iops.log_iops.1,23.634,29960.000,1
ssd_test_20260304_154353_iops.log_iops.1,23.684,27840.000,1
ssd_test_20260304_154353_iops.log_iops.1,23.734,30460.000,1
ssd_test_20260304_154353_iops.log_iops.1,23.784,28500.000,1
ssd_test_20260304_154353_iops.log_iops.1,23.834,26060.000,1
ssd_test_20260304_154353_iops.log_iops.1,23.884,28180.000,1
ssd_test_20260304_154353_iops.log_iops.1,23.935,26860.000,1
ssd_test_20260304_154353_iops.log_iops.1,23.985,27700.000,1
ssd_test_20260304_154353_iops.log_iops.1,24.035,25520.000,1
ssd_test_20260304_154353_iops.log_iops.1,24.085,30840.000,1
ssd_test_20260304_154353_iops.log_iops.1,24.135,28940.000,1
ssd_test_20260304_154353_iops.log_iops.1,24.185,31660.000,1
ssd_test_20260304_154353_iops.log_iops.1,24.235,28220.000,1
ssd_test_20260304_154353_iops.log_iops.1,24.285,27580.000,1
ssd_test_20260304_154353_iops.log_iops.1,24.336,29880.000,1
ssd_test_20260304_154353_iops.log_iops.1,24.386,32200.000,1
ssd_test_20260304_154353_iops.log_iops.1,24.436,24740.000,1
ssd_test_20260304_154353_iops.log_iops.1,24.486,29340.000,1
ssd_test_20260304_154353_iops.log_iops.1,24.537,29380.000,1
ssd_test_20260304_154353_iops.log_iops.1,24.587,30320.000,1
ssd_test_20260304_154353_iops.log_iops.1,24.637,27700.000,1
ssd_test_20260304_154353_iops.log_iops.1,24.687,27720.000,1
ssd_test_20260304_154353_iops.log_iops.1,24.737,25780.000,1
ssd_test_20260304_154353_iops.log_iops.1,24.787,27100.000,1
ssd_test_20260304_154353_iops.log_iops.1,24.837,30980.000,1
ssd_test_20260304_154353_iops.log_iops.1,24.887,32460.000,1
ssd_test_20260304_154353_iops.log_iops.1,24.937,30040.000,1
ssd_test_20260304_154353_iops.log_iops.1,24.988,29880.000,1
ssd_test_20260304_154353_iops.log_iops.1,25.038,31080.000,1
ssd_test_20260304_154353_iops.log_iops.1,25.088,22460.000,1
ssd_test_20260304_154353_iops.log_iops.1,25.138,33600.000,1
ssd_test_20260304_154353_iops.log_iops.1,25.188,32960.000,1
ssd_test_20260304_154353_iops.log_iops.1,25.238,31320.000,1
ssd_test_20260304_154353_iops.log_iops.1,25.288,29160.000,1
ssd_test_20260304_154353_iops.log_iops.1,25.339,28180.000,1
ssd_test_20260304_154353_iops.log_iops.1,25.389,31560.000,1
ssd_test_20260304_154353_iops.log_iops.1,25.439,26200.000,1
ssd_test_20260304_154353_iops.log_iops.1,25.489,27780.000,1
ssd_test_20260304_154353_iops.log_iops.1,25.539,30280.000,1
ssd_test_20260304_154353_iops.log_iops.1,25.589,32880.000,1
ssd_test_20260304_154353_iops.log_iops.1,25.639,31420.000,1
ssd_test_20260304_154353_iops.log_iops.1,25.690,31220.000,1
ssd_test_20260304_154353_iops.log_iops.1,25.740,29940.000,1
ssd_test_20260304_154353_iops.log_iops.1,25.790,31560.000,1
ssd_test_20260304_154353_iops.log_iops.1,25.840,29480.000,1
ssd_test_20260304_154353_iops.log_iops.1,25.890,32040.000,1
ssd_test_20260304_154353_iops.log_iops.1,25.940,32460.000,1
ssd_test_20260304_154353_iops.log_iops.1,25.991,30200.000,1
ssd_test_20260304_154353_iops.log_iops.1,26.041,30280.000,1
ssd_test_20260304_154353_iops.log_iops.1,26.091,28440.000,1
ssd_test_20260304_154353_iops.log_iops.1,26.141,31920.000,1
ssd_test_20260304_154353_iops.log_iops.1,26.191,31280.000,1
ssd_test_20260304_154353_iops.log_iops.1,26.241,29180.000,1
ssd_test_20260304_154353_iops.log_iops.1,26.291,29140.000,1
ssd_test_20260304_154353_iops.log_iops.1,26.341,30860.000,1
ssd_test_20260304_154353_iops.log_iops.1,26.391,28260.000,1
ssd_test_20260304_154353_iops.log_iops.1,26.442,25420.000,1
ssd_test_20260304_154353_iops.log_iops.1,26.492,24580.000,1
ssd_test_20260304_154353_iops.log_iops.1,26.542,25380.000,1
ssd_test_20260304_154353_iops.log_iops.1,26.592,30320.000,1
ssd_test_20260304_154353_iops.log_iops.1,26.642,27100.000,1
ssd_test_20260304_154353_iops.log_iops.1,26.693,27660.000,1
ssd_test_20260304_154353_iops.log_iops.1,26.743,30300.000,1
ssd_test_20260304_154353_iops.log_iops.1,26.793,24660.000,1
ssd_test_20260304_154353_iops.log_iops.1,26.843,28600.000,1
ssd_test_20260304_154353_iops.log_iops.1,26.893,29520.000,1
ssd_test_20260304_154353_iops.log_iops.1,26.943,27200.000,1
ssd_test_20260304_154353_iops.log_iops.1,26.993,31040.000,1
ssd_test_20260304_154353_iops.log_iops.1,27.044,30920.000,1
ssd_test_20260304_154353_iops.log_iops.1,27.094,32280.000,1
ssd_test_20260304_154353_iops.log_iops.1,27.144,31160.000,1
ssd_test_20260304_154353_iops.log_iops.1,27.194,29600.000,1
ssd_test_20260304_154353_iops.log_iops.1,27.244,30880.000,1
ssd_test_20260304_154353_iops.log_iops.1,27.294,26840.000,1
ssd_test_20260304_154353_iops.log_iops.1,27.344,25560.000,1
ssd_test_20260304_154353_iops.log_iops.1,27.394,27200.000,1
ssd_test_20260304_154353_iops.log_iops.1,27.445,26180.000,1
ssd_test_20260304_154353_iops.log_iops.1,27.495,27220.000,1
ssd_test_20260304_154353_iops.log_iops.1,27.545,24780.000,1
ssd_test_20260304_154353_iops.log_iops.1,27.595,24980.000,1
ssd_test_20260304_154353_iops.log_iops.1,27.645,26860.000,1
ssd_test_20260304_154353_iops.log_iops.1,27.695,32280.000,1
ssd_test_20260304_154353_iops.log_iops.1,27.746,30400.000,1
ssd_test_20260304_154353_iops.log_iops.1,27.796,28940.000,1
ssd_test_20260304_154353_iops.log_iops.1,27.846,30880.000,1
ssd_test_20260304_154353_iops.log_iops.1,27.896,29340.000,1
ssd_test_20260304_154353_iops.log_iops.1,27.946,31960.000,1
ssd_test_20260304_154353_iops.log_iops.1,27.996,30500.000,1
ssd_test_20260304_154353_iops.log_iops.1,28.046,29620.000,1
ssd_test_20260304_154353_iops.log_iops.1,28.096,28420.000,1
ssd_test_20260304_154353_iops.log_iops.1,28.147,27060.000,1
ssd_test_20260304_154353_iops.log_iops.1,28.197,24540.000,1
ssd_test_20260304_154353_iops.log_iops.1,28.247,29400.000,1
ssd_test_20260304_154353_iops.log_iops.1,28.297,23620.000,1
ssd_test_20260304_154353_iops.log_iops.1,28.347,30360.000,1
ssd_test_20260304_154353_iops.log_iops.1,28.397,31591.000,1
ssd_test_20260304_154353_iops.log_iops.1,28.447,24420.000,1
ssd_test_20260304_154353_iops.log_iops.1,28.497,26100.000,1
ssd_test_20260304_154353_iops.log_iops.1,28.547,30620.000,1
ssd_test_20260304_154353_iops.log_iops.1,28.597,28920.000,1
ssd_test_20260304_154353_iops.log_iops.1,28.647,29260.000,1
ssd_test_20260304_154353_iops.log_iops.1,28.697,29760.000,1
ssd_test_20260304_154353_iops.log_iops.1,28.747,26600.000,1
ssd_test_20260304_154353_iops.log_iops.1,28.797,31200.000,1
ssd_test_20260304_154353_iops.log_iops.1,28.848,29920.000,1
ssd_test_20260304_154353_iops.log_iops.1,28.897,32918.000,1
ssd_test_20260304_154353_iops.log_iops.1,28.947,26200.000,1
ssd_test_20260304_154353_iops.log_iops.1,28.997,29500.000,1
ssd_test_20260304_154353_iops.log_iops.1,29.047,29920.000,1
ssd_test_20260304_154353_iops.log_iops.1,29.097,26300.000,1
ssd_test_20260304_154353_iops.log_iops.1,29.147,32520.000,1
ssd_test_20260304_154353_iops.log_iops.1,29.197,32080.000,1
ssd_test_20260304_154353_iops.log_iops.1,29.247,30040.000,1
ssd_test_20260304_154353_iops.log_iops.1,29.298,29460.000,1
ssd_test_20260304_154353_iops.log_iops.1,29.348,29660.000,1
ssd_test_20260304_154353_iops.log_iops.1,29.397,28714.000,1
ssd_test_20260304_154353_iops.log_iops.1,29.447,30340.000,1
ssd_test_20260304_154353_iops.log_iops.1,29.497,21280.000,1
ssd_test_20260304_154353_iops.log_iops.1,29.548,29040.000,1
ssd_test_20260304_154353_iops.log_iops.1,29.598,26600.000,1
ssd_test_20260304_154353_iops.log_iops.1,29.647,24673.000,1
ssd_test_20260304_154353_iops.log_iops.1,29.697,26420.000,1
ssd_test_20260304_154353_iops.log_iops.1,29.747,24420.000,1
ssd_test_20260304_154353_iops.log_iops.1,29.797,26100.000,1
ssd_test_20260304_154353_iops.log_iops.1,29.847,30300.000,1
ssd_test_20260304_154353_iops.log_iops.1,29.896,27795.000,1
ssd_test_20260304_154353_iops.log_iops.1,29.946,31020.000,1
ssd_test_20260304_154353_iops.log_iops.1,29.997,28940.000,1
ssd_test_20260305_012552_iops.log_iops.1,0.146,29534.000,0
ssd_test_20260305_012552_iops.log_iops.1,0.196,27040.000,0
ssd_test_20260305_012552_iops.log_iops.1,0.246,29620.000,0
ssd_test_20260305_012552_iops.log_iops.1,0.297,29880.000,0
ssd_test_20260305_012552_iops.log_iops.1,0.347,32440.000,0
ssd_test_20260305_012552_iops.log_iops.1,0.396,29122.000,0
ssd_test_20260305_012552_iops.log_iops.1,0.446,25240.000,0
ssd_test_20260305_012552_iops.log_iops.1,0.496,27460.000,0
ssd_test_20260305_012552_iops.log_iops.1,0.547,30460.000,0
ssd_test_20260305_012552_iops.log_iops.1,0.597,27260.000,0
ssd_test_20260305_012552_iops.log_iops.1,0.646,28816.000,0
ssd_test_20260305_012552_iops.log_iops.1,0.696,27960.000,0
ssd_test_20260305_012552_iops.log_iops.1,0.746,30500.000,0
ssd_test_20260305_012552_iops.log_iops.1,0.796,31180.000,0
ssd_test_20260305_012552_iops.log_iops.1,0.846,29700.000,0
ssd_test_20260305_012552_iops.log_iops.1,0.896,30560.000,0
ssd_test_20260305_012552_iops.log_iops.1,0.946,30980.000,0
ssd_test_20260305_012552_iops.log_iops.1,0.996,26500.000,0
ssd_test_20260305_012552_iops.log_iops.1,1.046,31820.000,0
ssd_test_20260305_012552_iops.log_iops.1,1.096,26820.000,0
ssd_test_20260305_012552_iops.log_iops.1,1.146,29183.000,0
ssd_test_20260305_012552_iops.log_iops.1,1.196,29080.000,0
ssd_test_20260305_012552_iops.log_iops.1,1.246,31680.000,0
ssd_test_20260305_012552_iops.log_iops.1,1.296,28980.000,0
ssd_test_20260305_012552_iops.log_iops.1,1.346,32140.000,0
ssd_test_20260305_012552_iops.log_iops.1,1.396,31897.000,0
ssd_test_20260305_012552_iops.log_iops.1,1.446,31100.000,0
ssd_test_20260305_012552_iops.log_iops.1,1.496,30940.000,0
ssd_test_20260305_012552_iops.log_iops.1,1.546,25180.000,0
ssd_test_20260305_012552_iops.log_iops.1,1.596,29460.000,0
ssd_test_20260305_012552_iops.log_iops.1,1.645,32326.000,0
ssd_test_20260305_012552_iops.log_iops.1,1.695,28740.000,0
ssd_test_20260305_012552_iops.log_iops.1,1.746,31460.000,0
ssd_test_20260305_012552_iops.log_iops.1,1.796,25320.000,0
ssd_test_20260305_012552_iops.log_iops.1,1.846,28220.000,0
ssd_test_20260305_012552_iops.log_iops.1,1.896,28540.000,0
ssd_test_20260305_012552_iops.log_iops.1,1.946,30820.000,0
ssd_test_20260305_012552_iops.log_iops.1,1.997,30640.000,0
ssd_test_20260305_012552_iops.log_iops.1,2.047,27780.000,0
ssd_test_20260305_012552_iops.log_iops.1,2.097,30180.000,0
ssd_test_20260305_012552_iops.log_iops.1,2.146,29632.000,0
ssd_test_20260305_012552_iops.log_iops.1,2.196,32440.000,0
ssd_test_20260305_012552_iops.log_iops.1,2.246,29100.000,0
ssd_test_20260305_012552_iops.log_iops.1,2.296,27540.000,0
ssd_test_20260305_012552_iops.log_iops.1,2.346,30920.000,0
ssd_test_20260305_012552_iops.log_iops.1,2.396,33755.000,0
ssd_test_20260305_012552_iops.log_iops.1,2.446,29380.000,0
ssd_test_20260305_012552_iops.log_iops.1,2.496,28640.000,0
ssd_test_20260305_012552_iops.log_iops.1,2.546,30420.000,0
ssd_test_20260305_012552_iops.log_iops.1,2.596,31620.000,0
ssd_test_20260305_012552_iops.log_iops.1,2.645,28918.000,0
ssd_test_20260305_012552_iops.log_iops.1,2.695,34340.000,0
ssd_test_20260305_012552_iops.log_iops.1,2.745,27340.000,0
ssd_test_20260305_012552_iops.log_iops.1,2.796,29220.000,0
ssd_test_20260305_012552_iops.log_iops.1,2.846,31360.000,0
ssd_test_20260305_012552_iops.log_iops.1,2.896,30580.000,0
ssd_test_20260305_012552_iops.log_iops.1,2.946,30000.000,0
ssd_test_20260305_012552_iops.log_iops.1,2.996,32300.000,0
ssd_test_20260305_012552_iops.log_iops.1,3.046,29800.000,0
ssd_test_20260305_012552_iops.log_iops.1,3.096,30820.000,0
ssd_test_20260305_012552_iops.log_iops.1,3.145,28673.000,0
ssd_test_20260305_012552_iops.log_iops.1,3.196,32400.000,0
ssd_test_20260305_012552_iops.log_iops.1,3.246,28060.000,0
ssd_test_20260305_012552_iops.log_iops.1,3.296,26800.000,0
ssd_test_20260305_012552_iops.log_iops.1,3.346,31680.000,0
ssd_test_20260305_012552_iops.log_iops.1,3.396,28500.000,0
ssd_test_20260305_012552_iops.log_iops.1,3.446,30860.000,0
ssd_test_20260305_012552_iops.log_iops.1,3.496,29640.000,0
ssd_test_20260305_012552_iops.log_iops.1,3.546,27700.000,0
ssd_test_20260305_012552_iops.log_iops.1,3.596,30800.000,0
ssd_test_20260305_012552_iops.log_iops.1,3.646,27979.000,0
ssd_test_20260305_012552_iops.log_iops.1,3.696,28160.000,0
ssd_test_20260305_012552_iops.log_iops.1,3.746,29580.000,0
ssd_test_20260305_012552_iops.log_iops.1,3.796,27420.000,0
ssd_test_20260305_012552_iops.log_iops.1,3.846,26780.000,0
ssd_test_20260305_012552_iops.log_iops.1,3.895,30285.000,0
ssd_test_20260305_012552_iops.log_iops.1,3.945,30960.000,0
ssd_test_20260305_012552_iops.log_iops.1,3.995,29760.000,0
ssd_test_20260305_012552_iops.log_iops.1,4.045,30420.000,0
ssd_test_20260305_012552_iops.log_iops.1,4.096,31060.000,0
ssd_test_20260305_012552_iops.log_iops.1,4.146,30840.000,0
ssd_test_20260305_012552_iops.log_iops.1,4.196,31940.000,0
ssd_test_20260305_012552_iops.log_iops.1,4.246,31260.000,0
ssd_test_20260305_012552_iops.log_iops.1,4.296,28000.000,0
ssd_test_20260305_012552_iops.log_iops.1,4.346,34780.000,0
ssd_test_20260305_012552_iops.log_iops.1,4.396,28408.000,0
ssd_test_20260305_012552_iops.log_iops.1,4.446,30640.000,0
ssd_test_20260305_012552_iops.log_iops.1,4.496,32060.000,0
ssd_test_20260305_012552_iops.log_iops.1,4.546,28060.000,0
ssd_test_20260305_012552_iops.log_iops.1,4.596,29720.000,0
ssd_test_20260305_012552_iops.log_iops.1,4.646,30340.000,0
ssd_test_20260305_012552_iops.log_iops.1,4.697,32280.000,0
ssd_test_20260305_012552_iops.log_iops.1,4.747,28680.000,0
ssd_test_20260305_012552_iops.log_iops.1,4.797,30500.000,0
ssd_test_20260305_012552_iops.log_iops.1,4.847,31180.000,0
ssd_test_20260305_012552_iops.log_iops.1,4.896,29612.000,0
ssd_test_20260305_012552_iops.log_iops.1,4.946,28180.000,0
ssd_test_20260305_012552_iops.log_iops.1,4.996,29080.000,0
ssd_test_20260305_012552_iops.log_iops.1,5.046,29820.000,0
ssd_test_20260305_012552_iops.log_iops.1,5.096,31740.000,0
ssd_test_20260305_012552_iops.log_iops.1,5.146,29061.000,0
ssd_test_20260305_012552_iops.log_iops.1,5.196,33620.000,0
ssd_test_20260305_012552_iops.log_iops.1,5.246,28220.000,0
ssd_test_20260305_012552_iops.log_iops.1,5.296,30080.000,0
ssd_test_20260305_012552_iops.log_iops.1,5.346,32160.000,0
ssd_test_20260305_012552_iops.log_iops.1,5.395,31755.000,0
ssd_test_20260305_012552_iops.log_iops.1,5.445,30500.000,0
ssd_test_20260305_012552_iops.log_iops.1,5.495,29880.000,0
ssd_test_20260305_012552_iops.log_iops.1,5.545,29140.000,0
ssd_test_20260305_012552_iops.log_iops.1,5.596,30640.000,0
ssd_test_20260305_012552_iops.log_iops.1,5.646,30100.000,0
ssd_test_20260305_012552_iops.log_iops.1,5.696,31660.000,0
ssd_test_20260305_012552_iops.log_iops.1,5.746,29600.000,0
ssd_test_20260305_012552_iops.log_iops.1,5.796,29840.000,0
ssd_test_20260305_012552_iops.log_iops.1,5.846,25040.000,0
ssd_test_20260305_012552_iops.log_iops.1,5.896,27285.000,0
ssd_test_20260305_012552_iops.log_iops.1,5.946,29520.000,0
ssd_test_20260305_012552_iops.log_iops.1,5.996,26160.000,0
ssd_test_20260305_012552_iops.log_iops.1,6.046,25860.000,0
ssd_test_20260305_012552_iops.log_iops.1,6.096,26900.000,0
ssd_test_20260305_012552_iops.log_iops.1,6.145,25102.000,0
ssd_test_20260305_012552_iops.log_iops.1,6.195,23600.000,0
ssd_test_20260305_012552_iops.log_iops.1,6.245,27900.000,0
ssd_test_20260305_012552_iops.log_iops.1,6.296,21480.000,0
ssd_test_20260305_012552_iops.log_iops.1,6.346,29560.000,0
ssd_test_20260305_012552_iops.log_iops.1,6.395,27224.000,0
ssd_test_20260305_012552_iops.log_iops.1,6.445,26860.000,0
ssd_test_20260305_012552_iops.log_iops.1,6.495,27820.000,0
ssd_test_20260305_012552_iops.log_iops.1,6.546,26000.000,0
ssd_test_20260305_012552_iops.log_iops.1,6.596,27180.000,0
ssd_test_20260305_012552_iops.log_iops.1,6.646,27780.000,0
ssd_test_20260305_012552_iops.log_iops.1,6.696,30640.000,0
ssd_test_20260305_012552_iops.log_iops.1,6.746,29560.000,0
ssd_test_20260305_012552_iops.log_iops.1,6.796,22820.000,0
ssd_test_20260305_012552_iops.log_iops.1,6.846,25960.000,0
ssd_test_20260305_012552_iops.log_iops.1,6.896,23877.000,0
ssd_test_20260305_012552_iops.log_iops.1,6.946,28140.000,0
ssd_test_20260305_012552_iops.log_iops.1,6.996,26940.000,0
ssd_test_20260305_012552_iops.log_iops.1,7.046,28840.000,0
ssd_test_20260305_012552_iops.log_iops.1,7.096,26180.000,0
ssd_test_20260305_012552_iops.log_iops.1,7.145,28632.000,0
ssd_test_20260305_012552_iops.log_iops.1,7.196,24920.000,0
ssd_test_20260305_012552_iops.log_iops.1,7.246,23960.000,0
ssd_test_20260305_012552_iops.log_iops.1,7.296,19980.000,0
ssd_test_20260305_012552_iops.log_iops.1,7.346,20380.000,0
ssd_test_20260305_012552_iops.log_iops.1,7.396,26306.000,0
ssd_test_20260305_012552_iops.log_iops.1,7.446,28160.000,0
ssd_test_20260305_012552_iops.log_iops.1,7.496,22860.000,0
ssd_test_20260305_012552_iops.log_iops.1,7.546,25040.000,0
ssd_test_20260305_012552_iops.log_iops.1,7.596,23940.000,0
ssd_test_20260305_012552_iops.log_iops.1,7.646,26000.000,0
ssd_test_20260305_012552_iops.log_iops.1,7.696,24200.000,0
ssd_test_20260305_012552_iops.log_iops.1,7.746,20520.000,0
ssd_test_20260305_012552_iops.log_iops.1,7.796,26020.000,0
ssd_test_20260305_012552_iops.log_iops.1,7.846,27700.000,0
ssd_test_20260305_012552_iops.log_iops.1,7.895,23510.000,0
ssd_test_20260305_012552_iops.log_iops.1,7.945,29240.000,0
ssd_test_20260305_012552_iops.log_iops.1,7.996,29600.000,0
ssd_test_20260305_012552_iops.log_iops.1,8.046,28040.000,0
ssd_test_20260305_012552_iops.log_iops.1,8.096,27020.000,0
ssd_test_20260305_012552_iops.log_iops.1,8.146,30120.000,0
ssd_test_20260305_012552_iops.log_iops.1,8.196,24540.000,0
ssd_test_20260305_012552_iops.log_iops.1,8.246,26520.000,0
ssd_test_20260305_012552_iops.log_iops.1,8.296,19940.000,0
ssd_test_20260305_012552_iops.log_iops.1,8.347,22800.000,0
ssd_test_20260305_012552_iops.log_iops.1,8.396,30816.000,0
ssd_test_20260305_012552_iops.log_iops.1,8.446,25560.000,0
ssd_test_20260305_012552_iops.log_iops.1,8.496,24960.000,0
ssd_test_20260305_012552_iops.log_iops.1,8.547,25440.000,0
ssd_test_20260305_012552_iops.log_iops.1,8.597,27260.000,0
ssd_test_20260305_012552_iops.log_iops.1,8.646,28734.000,0
ssd_test_20260305_012552_iops.log_iops.1,8.696,26560.000,0
ssd_test_20260305_012552_iops.log_iops.1,8.746,25040.000,0
ssd_test_20260305_012552_iops.log_iops.1,8.796,27180.000,0
ssd_test_20260305_012552_iops.log_iops.1,8.846,24820.000,0
ssd_test_20260305_012552_iops.log_iops.1,8.896,28265.000,0
ssd_test_20260305_012552_iops.log_iops.1,8.946,29340.000,0
ssd_test_20260305_012552_iops.log_iops.1,8.996,26520.000,0
ssd_test_20260305_012552_iops.log_iops.1,9.046,31020.000,0
ssd_test_20260305_012552_iops.log_iops.1,9.096,31920.000,0
ssd_test_20260305_012552_iops.log_iops.1,9.145,30448.000,0
ssd_test_20260305_012552_iops.log_iops.1,9.196,30740.000,0
ssd_test_20260305_012552_iops.log_iops.1,9.246,27700.000,0
ssd_test_20260305_012552_iops.log_iops.1,9.296,28660.000,0
ssd_test_20260305_012552_iops.log_iops.1,9.346,28080.000,0
ssd_test_20260305_012552_iops.log_iops.1,9.396,27469.000,0
ssd_test_20260305_012552_iops.log_iops.1,9.446,27180.000,0
ssd_test_20260305_012552_iops.log_iops.1,9.496,30260.000,0
ssd_test_20260305_012552_iops.log_iops.1,9.546,29080.000,0
ssd_test_20260305_012552_iops.log_iops.1,9.596,27580.000,0
ssd_test_20260305_012552_iops.log_iops.1,9.646,29780.000,0
ssd_test_20260305_012552_iops.log_iops.1,9.696,18660.000,0
ssd_test_20260305_012552_iops.log_iops.1,9.747,24160.000,0
ssd_test_20260305_012552_iops.log_iops.1,9.797,30660.000,0
ssd_test_20260305_012552_iops.log_iops.1,9.847,25560.000,0
ssd_test_20260305_012552_iops.log_iops.1,9.896,26897.000,0
ssd_test_20260305_012552_iops.log_iops.1,9.946,26340.000,0
ssd_test_20260305_012552_iops.log_iops.1,9.996,21440.000,0
ssd_test_20260305_012552_iops.log_iops.1,10.047,23980.000,0
ssd_test_20260305_012552_iops.log_iops.1,10.097,27640.000,0
ssd_test_20260305_012552_iops.log_iops.1,10.146,23877.000,0
ssd_test_20260305_012552_iops.log_iops.1,10.196,30980.000,0
ssd_test_20260305_012552_iops.log_iops.1,10.246,24440.000,0
ssd_test_20260305_012552_iops.log_iops.1,10.296,25680.000,0
ssd_test_20260305_012552_iops.log_iops.1,10.346,23440.000,0
ssd_test_20260305_012552_iops.log_iops.1,10.396,25571.000,0
ssd_test_20260305_012552_iops.log_iops.1,10.446,24840.000,0
ssd_test_20260305_012552_iops.log_iops.1,10.496,28560.000,0
ssd_test_20260305_012552_iops.log_iops.1,10.546,26960.000,0
ssd_test_20260305_012552_iops.log_iops.1,10.597,28580.000,0
ssd_test_20260305_012552_iops.log_iops.1,10.646,27306.000,0
ssd_test_20260305_012552_iops.log_iops.1,10.696,30080.000,0
ssd_test_20260305_012552_iops.log_iops.1,10.746,29200.000,0
ssd_test_20260305_012552_iops.log_iops.1,10.796,27520.000,0
ssd_test_20260305_012552_iops.log_iops.1,10.846,26460.000,0
ssd_test_20260305_012552_iops.log_iops.1,10.895,31918.000,0
ssd_test_20260305_012552_iops.log_iops.1,10.946,30280.000,0
ssd_test_20260305_012552_iops.log_iops.1,10.996,24340.000,0
ssd_test_20260305_012552_iops.log_iops.1,11.046,27800.000,0
ssd_test_20260305_012552_iops.log_iops.1,11.096,30780.000,0
ssd_test_20260305_012552_iops.log_iops.1,11.145,29714.000,0
ssd_test_20260305_012552_iops.log_iops.1,11.195,30240.000,0
ssd_test_20260305_012552_iops.log_iops.1,11.246,28520.000,0
ssd_test_20260305_012552_iops.log_iops.1,11.296,27520.000,0
ssd_test_20260305_012552_iops.log_iops.1,11.346,25580.000,0
ssd_test_20260305_012552_iops.log_iops.1,11.396,28460.000,0
ssd_test_20260305_012552_iops.log_iops.1,11.446,32660.000,0
ssd_test_20260305_012552_iops.log_iops.1,11.496,28920.000,0
ssd_test_20260305_012552_iops.log_iops.1,11.546,26340.000,0
ssd_test_20260305_012552_iops.log_iops.1,11.597,27000.000,0
ssd_test_20260305_012552_iops.log_iops.1,11.646,27102.000,0
ssd_test_20260305_012552_iops.log_iops.1,11.696,32060.000,0
ssd_test_20260305_012552_iops.log_iops.1,11.746,29680.000,0
ssd_test_20260305_012552_iops.log_iops.1,11.796,26520.000,0
ssd_test_20260305_012552_iops.log_iops.1,11.846,20780.000,0
ssd_test_20260305_012552_iops.log_iops.1,11.895,27959.000,0
ssd_test_20260305_012552_iops.log_iops.1,11.945,30960.000,0
ssd_test_20260305_012552_iops.log_iops.1,11.995,30800.000,0
ssd_test_20260305_012552_iops.log_iops.1,12.046,28520.000,0
ssd_test_20260305_012552_iops.log_iops.1,12.096,34100.000,0
ssd_test_20260305_012552_iops.log_iops.1,12.146,32420.000,0
ssd_test_20260305_012552_iops.log_iops.1,12.196,28420.000,0
ssd_test_20260305_012552_iops.log_iops.1,12.246,30580.000,0
ssd_test_20260305_012552_iops.log_iops.1,12.296,26580.000,0
ssd_test_20260305_012552_iops.log_iops.1,12.346,28640.000,0
ssd_test_20260305_012552_iops.log_iops.1,12.396,27612.000,0
ssd_test_20260305_012552_iops.log_iops.1,12.446,30480.000,0
ssd_test_20260305_012552_iops.log_iops.1,12.496,32360.000,0
ssd_test_20260305_012552_iops.log_iops.1,12.546,14240.000,0
ssd_test_20260305_012552_iops.log_iops.1,12.596,25400.000,0
ssd_test_20260305_012552_iops.log_iops.1,12.646,27600.000,0
ssd_test_20260305_012552_iops.log_iops.1,12.696,31040.000,0
ssd_test_20260305_012552_iops.log_iops.1,12.746,27160.000,0
ssd_test_20260305_012552_iops.log_iops.1,12.796,29020.000,0
ssd_test_20260305_012552_iops.log_iops.1,12.847,29420.000,0
ssd_test_20260305_012552_iops.log_iops.1,12.896,29204.000,0
ssd_test_20260305_012552_iops.log_iops.1,12.946,28840.000,0
ssd_test_20260305_012552_iops.log_iops.1,12.996,31920.000,0
ssd_test_20260305_012552_iops.log_iops.1,13.046,30120.000,0
ssd_test_20260305_012552_iops.log_iops.1,13.096,27480.000,0
ssd_test_20260305_012552_iops.log_iops.1,13.145,28816.000,0
ssd_test_20260305_012552_iops.log_iops.1,13.195,28060.000,0
ssd_test_20260305_012552_iops.log_iops.1,13.245,31000.000,0
ssd_test_20260305_012552_iops.log_iops.1,13.296,25920.000,0
ssd_test_20260305_012552_iops.log_iops.1,13.346,31640.000,0
ssd_test_20260305_012552_iops.log_iops.1,13.396,29520.000,0
ssd_test_20260305_012552_iops.log_iops.1,13.446,29440.000,0
ssd_test_20260305_012552_iops.log_iops.1,13.496,32980.000,0
ssd_test_20260305_012552_iops.log_iops.1,13.546,28860.000,0
ssd_test_20260305_012552_iops.log_iops.1,13.596,26620.000,0
ssd_test_20260305_012552_iops.log_iops.1,13.646,28469.000,0
ssd_test_20260305_012552_iops.log_iops.1,13.696,27180.000,0
ssd_test_20260305_012552_iops.log_iops.1,13.746,31860.000,0
ssd_test_20260305_012552_iops.log_iops.1,13.796,30620.000,0
ssd_test_20260305_012552_iops.log_iops.1,13.846,28720.000,0
ssd_test_20260305_012552_iops.log_iops.1,13.895,28959.000,0
ssd_test_20260305_012552_iops.log_iops.1,13.945,30720.000,0
ssd_test_20260305_012552_iops.log_iops.1,13.995,29500.000,0
ssd_test_20260305_012552_iops.log_iops.1,14.046,30680.000,0
ssd_test_20260305_012552_iops.log_iops.1,14.096,31060.000,0
ssd_test_20260305_012552_iops.log_iops.1,14.146,32300.000,0
ssd_test_20260305_012552_iops.log_iops.1,14.196,27200.000,0
ssd_test_20260305_012552_iops.log_iops.1,14.246,31200.000,0
ssd_test_20260305_012552_iops.log_iops.1,14.296,27300.000,0
ssd_test_20260305_012552_iops.log_iops.1,14.346,28340.000,0
ssd_test_20260305_012552_iops.log_iops.1,14.396,27632.000,0
ssd_test_20260305_012552_iops.log_iops.1,14.446,27640.000,0
ssd_test_20260305_012552_iops.log_iops.1,14.496,31220.000,0
ssd_test_20260305_012552_iops.log_iops.1,14.546,30360.000,0
ssd_test_20260305_012552_iops.log_iops.1,14.596,28820.000,0
ssd_test_20260305_012552_iops.log_iops.1,14.645,29408.000,0
ssd_test_20260305_012552_iops.log_iops.1,14.695,29880.000,0
ssd_test_20260305_012552_iops.log_iops.1,14.746,33660.000,0
ssd_test_20260305_012552_iops.log_iops.1,14.796,28800.000,0
ssd_test_20260305_012552_iops.log_iops.1,14.846,29720.000,0
ssd_test_20260305_012552_iops.log_iops.1,14.896,28120.000,0
ssd_test_20260305_012552_iops.log_iops.1,14.946,28880.000,0
ssd_test_20260305_012552_iops.log_iops.1,14.996,28100.000,0
ssd_test_20260305_012552_iops.log_iops.1,15.046,24540.000,0
ssd_test_20260305_012552_iops.log_iops.1,15.096,26880.000,0
ssd_test_20260305_012552_iops.log_iops.1,15.146,30122.000,0
ssd_test_20260305_012552_iops.log_iops.1,15.196,28620.000,0
ssd_test_20260305_012552_iops.log_iops.1,15.246,30380.000,0
ssd_test_20260305_012552_iops.log_iops.1,15.296,29600.000,0
ssd_test_20260305_012552_iops.log_iops.1,15.346,22860.000,0
ssd_test_20260305_012552_iops.log_iops.1,15.396,27632.000,0
ssd_test_20260305_012552_iops.log_iops.1,15.446,29220.000,0
ssd_test_20260305_012552_iops.log_iops.1,15.496,30400.000,0
ssd_test_20260305_012552_iops.log_iops.1,15.546,26260.000,0
ssd_test_20260305_012552_iops.log_iops.1,15.596,30960.000,0
ssd_test_20260305_012552_iops.log_iops.1,15.646,29959.000,0
ssd_test_20260305_012552_iops.log_iops.1,15.696,32120.000,0
ssd_test_20260305_012552_iops.log_iops.1,15.746,31120.000,0
ssd_test_20260305_012552_iops.log_iops.1,15.796,29140.000,0
ssd_test_20260305_012552_iops.log_iops.1,15.846,33300.000,0
ssd_test_20260305_012552_iops.log_iops.1,15.895,28346.000,0
ssd_test_20260305_012552_iops.log_iops.1,15.945,27480.000,0
ssd_test_20260305_012552_iops.log_iops.1,15.996,27540.000,0
ssd_test_20260305_012552_iops.log_iops.1,16.046,32720.000,0
ssd_test_20260305_012552_iops.log_iops.1,16.096,26420.000,0
ssd_test_20260305_012552_iops.log_iops.1,16.146,28060.000,0
ssd_test_20260305_012552_iops.log_iops.1,16.196,28280.000,0
ssd_test_20260305_012552_iops.log_iops.1,16.246,28640.000,0
ssd_test_20260305_012552_iops.log_iops.1,16.296,29000.000,0
ssd_test_20260305_012552_iops.log_iops.1,16.347,27780.000,0
ssd_test_20260305_012552_iops.log_iops.1,16.396,30857.000,0
ssd_test_20260305_012552_iops.log_iops.1,16.446,30560.000,0
ssd_test_20260305_012552_iops.log_iops.1,16.496,30640.000,0
ssd_test_20260305_012552_iops.log_iops.1,16.546,31000.000,0
ssd_test_20260305_012552_iops.log_iops.1,16.596,31920.000,0
ssd_test_20260305_012552_iops.log_iops.1,16.645,31510.000,0
ssd_test_20260305_012552_iops.log_iops.1,16.696,30820.000,0
ssd_test_20260305_012552_iops.log_iops.1,16.746,30320.000,0
ssd_test_20260305_012552_iops.log_iops.1,16.796,23500.000,0
ssd_test_20260305_012552_iops.log_iops.1,16.846,29240.000,0
ssd_test_20260305_012552_iops.log_iops.1,16.896,30120.000,0
ssd_test_20260305_012552_iops.log_iops.1,16.946,29480.000,0
ssd_test_20260305_012552_iops.log_iops.1,16.996,30100.000,0
ssd_test_20260305_012552_iops.log_iops.1,17.046,28180.000,0
ssd_test_20260305_012552_iops.log_iops.1,17.096,31140.000,0
ssd_test_20260305_012552_iops.log_iops.1,17.146,33367.000,0
ssd_test_20260305_012552_iops.log_iops.1,17.196,31080.000,0
ssd_test_20260305_012552_iops.log_iops.1,17.246,31440.000,0
ssd_test_20260305_012552_iops.log_iops.1,17.296,29800.000,0
ssd_test_20260305_012552_iops.log_iops.1,17.346,29020.000,0
ssd_test_20260305_012552_iops.log_iops.1,17.395,27693.000,0
ssd_test_20260305_012552_iops.log_iops.1,17.445,31600.000,0
ssd_test_20260305_012552_iops.log_iops.1,17.496,29220.000,0
ssd_test_20260305_012552_iops.log_iops.1,17.546,26560.000,0
ssd_test_20260305_012552_iops.log_iops.1,17.596,26860.000,0
ssd_test_20260305_012552_iops.log_iops.1,17.646,28680.000,0
ssd_test_20260305_012552_iops.log_iops.1,17.696,33120.000,0
ssd_test_20260305_012552_iops.log_iops.1,17.746,31460.000,0
ssd_test_20260305_012552_iops.log_iops.1,17.796,30540.000,0
ssd_test_20260305_012552_iops.log_iops.1,17.846,31260.000,0
ssd_test_20260305_012552_iops.log_iops.1,17.896,29000.000,0
ssd_test_20260305_012552_iops.log_iops.1,17.946,29460.000,0
ssd_test_20260305_012552_iops.log_iops.1,17.996,30080.000,0
ssd_test_20260305_012552_iops.log_iops.1,18.046,30400.000,0
ssd_test_20260305_012552_iops.log_iops.1,18.096,30760.000,0
ssd_test_20260305_012552_iops.log_iops.1,18.146,27720.000,0
ssd_test_20260305_012552_iops.log_iops.1,18.196,30340.000,0
ssd_test_20260305_012552_iops.log_iops.1,18.246,29820.000,0
ssd_test_20260305_012552_iops.log_iops.1,18.296,29680.000,0
ssd_test_20260305_012552_iops.log_iops.1,18.346,30060.000,0
ssd_test_20260305_012552_iops.log_iops.1,18.396,29224.000,0
ssd_test_20260305_012552_iops.log_iops.1,18.446,27240.000,0
ssd_test_20260305_012552_iops.log_iops.1,18.496,30080.000,0
ssd_test_20260305_012552_iops.log_iops.1,18.546,26480.000,0
ssd_test_20260305_012552_iops.log_iops.1,18.596,29120.000,0
ssd_test_20260305_012552_iops.log_iops.1,18.645,29306.000,0
ssd_test_20260305_012552_iops.log_iops.1,18.695,32000.000,0
ssd_test_20260305_012552_iops.log_iops.1,18.745,31640.000,0
ssd_test_20260305_012552_iops.log_iops.1,18.796,32140.000,0
ssd_test_20260305_012552_iops.log_iops.1,18.846,30460.000,0
ssd_test_20260305_012552_iops.log_iops.1,18.896,32620.000,0
ssd_test_20260305_012552_iops.log_iops.1,18.946,29340.000,0
ssd_test_20260305_012552_iops.log_iops.1,18.996,28300.000,0
ssd_test_20260305_012552_iops.log_iops.1,19.046,31760.000,0
ssd_test_20260305_012552_iops.log_iops.1,19.096,29820.000,0
ssd_test_20260305_012552_iops.log_iops.1,19.145,30795.000,0
ssd_test_20260305_012552_iops.log_iops.1,19.195,29640.000,0
ssd_test_20260305_012552_iops.log_iops.1,19.246,29460.000,0
ssd_test_20260305_012552_iops.log_iops.1,19.296,31300.000,0
ssd_test_20260305_012552_iops.log_iops.1,19.346,30900.000,0
ssd_test_20260305_012552_iops.log_iops.1,19.396,27980.000,0
ssd_test_20260305_012552_iops.log_iops.1,19.446,32500.000,0
ssd_test_20260305_012552_iops.log_iops.1,19.496,30340.000,0
ssd_test_20260305_012552_iops.log_iops.1,19.546,21460.000,0
ssd_test_20260305_012552_iops.log_iops.1,19.597,32860.000,0
ssd_test_20260305_012552_iops.log_iops.1,19.646,30591.000,0
ssd_test_20260305_012552_iops.log_iops.1,19.696,33120.000,0
ssd_test_20260305_012552_iops.log_iops.1,19.746,31360.000,0
ssd_test_20260305_012552_iops.log_iops.1,19.796,31140.000,0
ssd_test_20260305_012552_iops.log_iops.1,19.846,27260.000,0
ssd_test_20260305_012552_iops.log_iops.1,19.895,32387.000,0
ssd_test_20260305_012552_iops.log_iops.1,19.945,33260.000,0
ssd_test_20260305_012552_iops.log_iops.1,19.995,32100.000,0
ssd_test_20260305_012552_iops.log_iops.1,20.046,31960.000,0
ssd_test_20260305_012552_iops.log_iops.1,20.096,34120.000,0
ssd_test_20260305_012552_iops.log_iops.1,20.146,30560.000,0
ssd_test_20260305_012552_iops.log_iops.1,20.196,30580.000,0
ssd_test_20260305_012552_iops.log_iops.1,20.246,28520.000,0
ssd_test_20260305_012552_iops.log_iops.1,20.296,29900.000,0
ssd_test_20260305_012552_iops.log_iops.1,20.346,33480.000,0
ssd_test_20260305_012552_iops.log_iops.1,20.395,29244.000,0
ssd_test_20260305_012552_iops.log_iops.1,20.446,30420.000,0
ssd_test_20260305_012552_iops.log_iops.1,20.496,32200.000,0
ssd_test_20260305_012552_iops.log_iops.1,20.546,27180.000,0
ssd_test_20260305_012552_iops.log_iops.1,20.596,28720.000,0
ssd_test_20260305_012552_iops.log_iops.1,20.646,30200.000,0
ssd_test_20260305_012552_iops.log_iops.1,20.696,29560.000,0
ssd_test_20260305_012552_iops.log_iops.1,20.746,29840.000,0
ssd_test_20260305_012552_iops.log_iops.1,20.796,30380.000,0
ssd_test_20260305_012552_iops.log_iops.1,20.846,28920.000,0
ssd_test_20260305_012552_iops.log_iops.1,20.896,29408.000,0
ssd_test_20260305_012552_iops.log_iops.1,20.946,28920.000,0
ssd_test_20260305_012552_iops.log_iops.1,20.996,29760.000,0
ssd_test_20260305_012552_iops.log_iops.1,21.046,29840.000,0
ssd_test_20260305_012552_iops.log_iops.1,21.096,32700.000,1
ssd_test_20260305_012552_iops.log_iops.1,21.145,29510.000,1
ssd_test_20260305_012552_iops.log_iops.1,21.195,28940.000,1
ssd_test_20260305_012552_iops.log_iops.1,21.246,29500.000,1
ssd_test_20260305_012552_iops.log_iops.1,21.296,31820.000,1
ssd_test_20260305_012552_iops.log_iops.1,21.346,27540.000,1
ssd_test_20260305_012552_iops.log_iops.1,21.396,29660.000,1
ssd_test_20260305_012552_iops.log_iops.1,21.446,29500.000,1
ssd_test_20260305_012552_iops.log_iops.1,21.497,29440.000,1
ssd_test_20260305_012552_iops.log_iops.1,21.547,31200.000,1
ssd_test_20260305_012552_iops.log_iops.1,21.597,28740.000,1
ssd_test_20260305_012552_iops.log_iops.1,21.646,29979.000,1
ssd_test_20260305_012552_iops.log_iops.1,21.696,30160.000,1
ssd_test_20260305_012552_iops.log_iops.1,21.746,30040.000,1
ssd_test_20260305_012552_iops.log_iops.1,21.796,28160.000,1
ssd_test_20260305_012552_iops.log_iops.1,21.846,30340.000,1
ssd_test_20260305_012552_iops.log_iops.1,21.896,31122.000,1
ssd_test_20260305_012552_iops.log_iops.1,21.946,31680.000,1
ssd_test_20260305_012552_iops.log_iops.1,21.996,31240.000,1
ssd_test_20260305_012552_iops.log_iops.1,22.046,33340.000,1
ssd_test_20260305_012552_iops.log_iops.1,22.096,28460.000,1
ssd_test_20260305_012552_iops.log_iops.1,22.146,30560.000,1
ssd_test_20260305_012552_iops.log_iops.1,22.196,31860.000,1
ssd_test_20260305_012552_iops.log_iops.1,22.246,31180.000,1
ssd_test_20260305_012552_iops.log_iops.1,22.296,30600.000,1
ssd_test_20260305_012552_iops.log_iops.1,22.347,30240.000,1
ssd_test_20260305_012552_iops.log_iops.1,22.396,31183.000,1
ssd_test_20260305_012552_iops.log_iops.1,22.446,29940.000,1
ssd_test_20260305_012552_iops.log_iops.1,22.496,30420.000,1
ssd_test_20260305_012552_iops.log_iops.1,22.546,30160.000,1
ssd_test_20260305_012552_iops.log_iops.1,22.596,32360.000,1
ssd_test_20260305_012552_iops.log_iops.1,22.645,28122.000,1
ssd_test_20260305_012552_iops.log_iops.1,22.695,29920.000,1
ssd_test_20260305_012552_iops.log_iops.1,22.746,29840.000,1
ssd_test_20260305_012552_iops.log_iops.1,22.796,31980.000,1
ssd_test_20260305_012552_iops.log_iops.1,22.846,27800.000,1
ssd_test_20260305_012552_iops.log_iops.1,22.896,28020.000,1
ssd_test_20260305_012552_iops.log_iops.1,22.946,29360.000,1
ssd_test_20260305_012552_iops.log_iops.1,22.996,28380.000,1
ssd_test_20260305_012552_iops.log_iops.1,23.046,29440.000,1
ssd_test_20260305_012552_iops.log_iops.1,23.097,30720.000,1
ssd_test_20260305_012552_iops.log_iops.1,23.146,29571.000,1
ssd_test_20260305_012552_iops.log_iops.1,23.196,30780.000,1
ssd_test_20260305_012552_iops.log_iops.1,23.246,27060.000,1
ssd_test_20260305_012552_iops.log_iops.1,23.296,28740.000,1
ssd_test_20260305_012552_iops.log_iops.1,23.346,32640.000,1
ssd_test_20260305_012552_iops.log_iops.1,23.396,30326.000,1
ssd_test_20260305_012552_iops.log_iops.1,23.446,28840.000,1
ssd_test_20260305_012552_iops.log_iops.1,23.496,28920.000,1
ssd_test_20260305_012552_iops.log_iops.1,23.546,27600.000,1
ssd_test_20260305_012552_iops.log_iops.1,23.596,30420.000,1
ssd_test_20260305_012552_iops.log_iops.1,23.646,31897.000,1
ssd_test_20260305_012552_iops.log_iops.1,23.696,31180.000,1
ssd_test_20260305_012552_iops.log_iops.1,23.746,28100.000,1
ssd_test_20260305_012552_iops.log_iops.1,23.796,30000.000,1
ssd_test_20260305_012552_iops.log_iops.1,23.846,28700.000,1
ssd_test_20260305_012552_iops.log_iops.1,23.896,32448.000,1
ssd_test_20260305_012552_iops.log_iops.1,23.946,29800.000,1
ssd_test_20260305_012552_iops.log_iops.1,23.996,20920.000,1
ssd_test_20260305_012552_iops.log_iops.1,24.046,30400.000,1
ssd_test_20260305_012552_iops.log_iops.1,24.096,30900.000,1
ssd_test_20260305_012552_iops.log_iops.1,24.145,32183.000,1
ssd_test_20260305_012552_iops.log_iops.1,24.195,28760.000,1
ssd_test_20260305_012552_iops.log_iops.1,24.245,31300.000,1
ssd_test_20260305_012552_iops.log_iops.1,24.296,25860.000,1
ssd_test_20260305_012552_iops.log_iops.1,24.346,28640.000,1
ssd_test_20260305_012552_iops.log_iops.1,24.396,30120.000,1
ssd_test_20260305_012552_iops.log_iops.1,24.446,28860.000,1
ssd_test_20260305_012552_iops.log_iops.1,24.496,29700.000,1
ssd_test_20260305_012552_iops.log_iops.1,24.547,24700.000,1
ssd_test_20260305_012552_iops.log_iops.1,24.597,32340.000,1
ssd_test_20260305_012552_iops.log_iops.1,24.646,28775.000,1
ssd_test_20260305_012552_iops.log_iops.1,24.696,29380.000,1
ssd_test_20260305_012552_iops.log_iops.1,24.746,29300.000,1
ssd_test_20260305_012552_iops.log_iops.1,24.796,26180.000,1
ssd_test_20260305_012552_iops.log_iops.1,24.846,28900.000,1
ssd_test_20260305_012552_iops.log_iops.1,24.895,29591.000,1
ssd_test_20260305_012552_iops.log_iops.1,24.945,29540.000,1
ssd_test_20260305_012552_iops.log_iops.1,24.995,31600.000,1
ssd_test_20260305_012552_iops.log_iops.1,25.045,27440.000,1
ssd_test_20260305_012552_iops.log_iops.1,25.096,31160.000,1
ssd_test_20260305_012552_iops.log_iops.1,25.146,29040.000,1
ssd_test_20260305_012552_iops.log_iops.1,25.196,31980.000,1
ssd_test_20260305_012552_iops.log_iops.1,25.246,29280.000,1
ssd_test_20260305_012552_iops.log_iops.1,25.296,28340.000,1
ssd_test_20260305_012552_iops.log_iops.1,25.346,28420.000,1
ssd_test_20260305_012552_iops.log_iops.1,25.396,30530.000,1
ssd_test_20260305_012552_iops.log_iops.1,25.446,28800.000,1
ssd_test_20260305_012552_iops.log_iops.1,25.496,29060.000,1
ssd_test_20260305_012552_iops.log_iops.1,25.546,30940.000,1
ssd_test_20260305_012552_iops.log_iops.1,25.596,30660.000,1
ssd_test_20260305_012552_iops.log_iops.1,25.645,29959.000,1
ssd_test_20260305_012552_iops.log_iops.1,25.695,28720.000,1
ssd_test_20260305_012552_iops.log_iops.1,25.745,28820.000,1
ssd_test_20260305_012552_iops.log_iops.1,25.796,32020.000,1
ssd_test_20260305_012552_iops.log_iops.1,25.846,28980.000,1
ssd_test_20260305_012552_iops.log_iops.1,25.896,31380.000,1
ssd_test_20260305_012552_iops.log_iops.1,25.946,30960.000,1
ssd_test_20260305_012552_iops.log_iops.1,25.996,31160.000,1
ssd_test_20260305_012552_iops.log_iops.1,26.046,29820.000,1
ssd_test_20260305_012552_iops.log_iops.1,26.096,33800.000,1
ssd_test_20260305_012552_iops.log_iops.1,26.146,29653.000,1
ssd_test_20260305_012552_iops.log_iops.1,26.196,31200.000,1
ssd_test_20260305_012552_iops.log_iops.1,26.246,29720.000,1
ssd_test_20260305_012552_iops.log_iops.1,26.296,27380.000,1
ssd_test_20260305_012552_iops.log_iops.1,26.346,30780.000,1
ssd_test_20260305_012552_iops.log_iops.1,26.395,31857.000,1
ssd_test_20260305_012552_iops.log_iops.1,26.445,29900.000,1
ssd_test_20260305_012552_iops.log_iops.1,26.496,32080.000,1
ssd_test_20260305_012552_iops.log_iops.1,26.546,25860.000,1
ssd_test_20260305_012552_iops.log_iops.1,26.596,30720.000,1
ssd_test_20260305_012552_iops.log_iops.1,26.646,26820.000,1
ssd_test_20260305_012552_iops.log_iops.1,26.696,29120.000,1
ssd_test_20260305_012552_iops.log_iops.1,26.746,29600.000,1
ssd_test_20260305_012552_iops.log_iops.1,26.796,29160.000,1
ssd_test_20260305_012552_iops.log_iops.1,26.846,30160.000,1
ssd_test_20260305_012552_iops.log_iops.1,26.895,30612.000,1
ssd_test_20260305_012552_iops.log_iops.1,26.945,30500.000,1
ssd_test_20260305_012552_iops.log_iops.1,26.996,30180.000,1
ssd_test_20260305_012552_iops.log_iops.1,27.046,27800.000,1
ssd_test_20260305_012552_iops.log_iops.1,27.096,32120.000,1
ssd_test_20260305_012552_iops.log_iops.1,27.146,29700.000,1
ssd_test_20260305_012552_iops.log_iops.1,27.196,29780.000,1
ssd_test_20260305_012552_iops.log_iops.1,27.246,28760.000,1
ssd_test_20260305_012552_iops.log_iops.1,27.296,28700.000,1
ssd_test_20260305_012552_iops.log_iops.1,27.346,29880.000,1
ssd_test_20260305_012552_iops.log_iops.1,27.396,29836.000,1
ssd_test_20260305_012552_iops.log_iops.1,27.446,31620.000,1
ssd_test_20260305_012552_iops.log_iops.1,27.496,28740.000,1
ssd_test_20260305_012552_iops.log_iops.1,27.546,27400.000,1
ssd_test_20260305_012552_iops.log_iops.1,27.596,30600.000,1
ssd_test_20260305_012552_iops.log_iops.1,27.645,29020.000,1
ssd_test_20260305_012552_iops.log_iops.1,27.696,29140.000,1
ssd_test_20260305_012552_iops.log_iops.1,27.746,26400.000,1
ssd_test_20260305_012552_iops.log_iops.1,27.796,30140.000,1
ssd_test_20260305_012552_iops.log_iops.1,27.846,31360.000,1
ssd_test_20260305_012552_iops.log_iops.1,27.896,30160.000,1
ssd_test_20260305_012552_iops.log_iops.1,27.946,28980.000,1
ssd_test_20260305_012552_iops.log_iops.1,27.996,32140.000,1
ssd_test_20260305_012552_iops.log_iops.1,28.046,29440.000,1
ssd_test_20260305_012552_iops.log_iops.1,28.096,32980.000,1
ssd_test_20260305_012552_iops.log_iops.1,28.145,31551.000,1
ssd_test_20260305_012552_iops.log_iops.1,28.196,29160.000,1
ssd_test_20260305_012552_iops.log_iops.1,28.246,29880.000,1
ssd_test_20260305_012552_iops.log_iops.1,28.296,30980.000,1
ssd_test_20260305_012552_iops.log_iops.1,28.346,26460.000,1
ssd_test_20260305_012552_iops.log_iops.1,28.396,27877.000,1
ssd_test_20260305_012552_iops.log_iops.1,28.446,31720.000,1
ssd_test_20260305_012552_iops.log_iops.1,28.496,30440.000,1
ssd_test_20260305_012552_iops.log_iops.1,28.546,29880.000,1
ssd_test_20260305_012552_iops.log_iops.1,28.596,29280.000,1
ssd_test_20260305_012552_iops.log_iops.1,28.645,28918.000,1
ssd_test_20260305_012552_iops.log_iops.1,28.695,29880.000,1
ssd_test_20260305_012552_iops.log_iops.1,28.746,31180.000,1
ssd_test_20260305_012552_iops.log_iops.1,28.796,29520.000,1
ssd_test_20260305_012552_iops.log_iops.1,28.846,24740.000,1
ssd_test_20260305_012552_iops.log_iops.1,28.896,29660.000,1
ssd_test_20260305_012552_iops.log_iops.1,28.946,28320.000,1
ssd_test_20260305_012552_iops.log_iops.1,28.996,28060.000,1
ssd_test_20260305_012552_iops.log_iops.1,29.046,30560.000,1
ssd_test_20260305_012552_iops.log_iops.1,29.096,32740.000,1
ssd_test_20260305_012552_iops.log_iops.1,29.146,31571.000,1
ssd_test_20260305_012552_iops.log_iops.1,29.196,31760.000,1
ssd_test_20260305_012552_iops.log_iops.1,29.246,31640.000,1
ssd_test_20260305_012552_iops.log_iops.1,29.296,30420.000,1
ssd_test_20260305_012552_iops.log_iops.1,29.346,27520.000,1
ssd_test_20260305_012552_iops.log_iops.1,29.395,31673.000,1
ssd_test_20260305_012552_iops.log_iops.1,29.446,29600.000,1
ssd_test_20260305_012552_iops.log_iops.1,29.496,28980.000,1
ssd_test_20260305_012552_iops.log_iops.1,29.546,30760.000,1
ssd_test_20260305_012552_iops.log_iops.1,29.596,25620.000,1
ssd_test_20260305_012552_iops.log_iops.1,29.646,29280.000,1
ssd_test_20260305_012552_iops.log_iops.1,29.696,29200.000,1
ssd_test_20260305_012552_iops.log_iops.1,29.746,30320.000,1
ssd_test_20260305_012552_iops.log_iops.1,29.796,29640.000,1
ssd_test_20260305_012552_iops.log_iops.1,29.847,30040.000,1
ssd_test_20260305_012552_iops.log_iops.1,29.896,29387.000,1
ssd_test_20260305_012552_iops.log_iops.1,29.946,29700.000,1
ssd_test_20260305_012552_iops.log_iops.1,29.996,27860.000,1
ssd_test_20260305_013022_iops.log_iops.1,0.147,25061.000,0
ssd_test_20260305_013022_iops.log_iops.1,0.198,23760.000,0
ssd_test_20260305_013022_iops.log_iops.1,0.248,25920.000,0
ssd_test_20260305_013022_iops.log_iops.1,0.298,25440.000,0
ssd_test_20260305_013022_iops.log_iops.1,0.348,24000.000,0
ssd_test_20260305_013022_iops.log_iops.1,0.397,23510.000,0
ssd_test_20260305_013022_iops.log_iops.1,0.447,20400.000,0
ssd_test_20260305_013022_iops.log_iops.1,0.497,20880.000,0
ssd_test_20260305_013022_iops.log_iops.1,0.547,18720.000,0
ssd_test_20260305_013022_iops.log_iops.1,0.597,23280.000,0
ssd_test_20260305_013022_iops.log_iops.1,0.647,22560.000,0
ssd_test_20260305_013022_iops.log_iops.1,0.697,22560.000,0
ssd_test_20260305_013022_iops.log_iops.1,0.747,23040.000,0
ssd_test_20260305_013022_iops.log_iops.1,0.797,19680.000,0
ssd_test_20260305_013022_iops.log_iops.1,0.848,22560.000,0
ssd_test_20260305_013022_iops.log_iops.1,0.897,23510.000,0
ssd_test_20260305_013022_iops.log_iops.1,0.947,22560.000,0
ssd_test_20260305_013022_iops.log_iops.1,0.997,23520.000,0
ssd_test_20260305_013022_iops.log_iops.1,1.047,22320.000,0
ssd_test_20260305_013022_iops.log_iops.1,1.097,22080.000,0
ssd_test_20260305_013022_iops.log_iops.1,1.146,21306.000,0
ssd_test_20260305_013022_iops.log_iops.1,1.196,24480.000,0
ssd_test_20260305_013022_iops.log_iops.1,1.247,22560.000,0
ssd_test_20260305_013022_iops.log_iops.1,1.297,24240.000,0
ssd_test_20260305_013022_iops.log_iops.1,1.347,24960.000,0
ssd_test_20260305_013022_iops.log_iops.1,1.397,22800.000,0
ssd_test_20260305_013022_iops.log_iops.1,1.447,20160.000,0
ssd_test_20260305_013022_iops.log_iops.1,1.497,21840.000,0
ssd_test_20260305_013022_iops.log_iops.1,1.547,23520.000,0
ssd_test_20260305_013022_iops.log_iops.1,1.597,20640.000,0
ssd_test_20260305_013022_iops.log_iops.1,1.647,21840.000,0
ssd_test_20260305_013022_iops.log_iops.1,1.697,20880.000,0
ssd_test_20260305_013022_iops.log_iops.1,1.747,20160.000,0
ssd_test_20260305_013022_iops.log_iops.1,1.798,22320.000,0
ssd_test_20260305_013022_iops.log_iops.1,1.848,22560.000,0
ssd_test_20260305_013022_iops.log_iops.1,1.897,21551.000,0
ssd_test_20260305_013022_iops.log_iops.1,1.947,21840.000,0
ssd_test_20260305_013022_iops.log_iops.1,1.997,15840.000,0
ssd_test_20260305_013022_iops.log_iops.1,2.047,18960.000,0
ssd_test_20260305_013022_iops.log_iops.1,2.097,23040.000,0
ssd_test_20260305_013022_iops.log_iops.1,2.147,21840.000,0
ssd_test_20260305_013022_iops.log_iops.1,2.197,20400.000,0
ssd_test_20260305_013022_iops.log_iops.1,2.247,24240.000,0
ssd_test_20260305_013022_iops.log_iops.1,2.297,24240.000,0
ssd_test_20260305_013022_iops.log_iops.1,2.347,24000.000,0
ssd_test_20260305_013022_iops.log_iops.1,2.396,21795.000,0
ssd_test_20260305_013022_iops.log_iops.1,2.446,23280.000,0
ssd_test_20260305_013022_iops.log_iops.1,2.497,25680.000,0
ssd_test_20260305_013022_iops.log_iops.1,2.547,24480.000,0
ssd_test_20260305_013022_iops.log_iops.1,2.597,27360.000,0
ssd_test_20260305_013022_iops.log_iops.1,2.647,22560.000,0
ssd_test_20260305_013022_iops.log_iops.1,2.697,25920.000,0
ssd_test_20260305_013022_iops.log_iops.1,2.747,23280.000,0
ssd_test_20260305_013022_iops.log_iops.1,2.797,22560.000,0
ssd_test_20260305_013022_iops.log_iops.1,2.847,22080.000,0
ssd_test_20260305_013022_iops.log_iops.1,2.897,22560.000,0
ssd_test_20260305_013022_iops.log_iops.1,2.947,23520.000,0
ssd_test_20260305_013022_iops.log_iops.1,2.997,23040.000,0
ssd_test_20260305_013022_iops.log_iops.1,3.047,23520.000,0
ssd_test_20260305_013022_iops.log_iops.1,3.097,24000.000,0
ssd_test_20260305_013022_iops.log_iops.1,3.147,18857.000,0
ssd_test_20260305_013022_iops.log_iops.1,3.197,23520.000,0
ssd_test_20260305_013022_iops.log_iops.1,3.247,22080.000,0
ssd_test_20260305_013022_iops.log_iops.1,3.297,24720.000,0
ssd_test_20260305_013022_iops.log_iops.1,3.347,23280.000,0
ssd_test_20260305_013022_iops.log_iops.1,3.397,24480.000,0
ssd_test_20260305_013022_iops.log_iops.1,3.447,21840.000,0
ssd_test_20260305_013022_iops.log_iops.1,3.497,23520.000,0
ssd_test_20260305_013022_iops.log_iops.1,3.547,26160.000,0
ssd_test_20260305_013022_iops.log_iops.1,3.597,21600.000,0
ssd_test_20260305_013022_iops.log_iops.1,3.647,21120.000,0
ssd_test_20260305_013022_iops.log_iops.1,3.698,18240.000,0
ssd_test_20260305_013022_iops.log_iops.1,3.748,23520.000,0
ssd_test_20260305_013022_iops.log_iops.1,3.798,24480.000,0
ssd_test_20260305_013022_iops.log_iops.1,3.848,21120.000,0
ssd_test_20260305_013022_iops.log_iops.1,3.897,22040.000,0
ssd_test_20260305_013022_iops.log_iops.1,3.947,21600.000,0
ssd_test_20260305_013022_iops.log_iops.1,3.997,23040.000,0
ssd_test_20260305_013022_iops.log_iops.1,4.047,23520.000,0
ssd_test_20260305_013022_iops.log_iops.1,4.097,22800.000,0
ssd_test_20260305_013022_iops.log_iops.1,4.146,19591.000,0
ssd_test_20260305_013022_iops.log_iops.1,4.197,24480.000,0
ssd_test_20260305_013022_iops.log_iops.1,4.247,22800.000,0
ssd_test_20260305_013022_iops.log_iops.1,4.297,22080.000,0
ssd_test_20260305_013022_iops.log_iops.1,4.347,20640.000,0
ssd_test_20260305_013022_iops.log_iops.1,4.397,20400.000,0
ssd_test_20260305_013022_iops.log_iops.1,4.447,17520.000,0
ssd_test_20260305_013022_iops.log_iops.1,4.497,23760.000,0
ssd_test_20260305_013022_iops.log_iops.1,4.547,21600.000,0
ssd_test_20260305_013022_iops.log_iops.1,4.597,23760.000,0
ssd_test_20260305_013022_iops.log_iops.1,4.646,19102.000,0
ssd_test_20260305_013022_iops.log_iops.1,4.696,20880.000,0
ssd_test_20260305_013022_iops.log_iops.1,4.747,25680.000,0
ssd_test_20260305_013022_iops.log_iops.1,4.797,24480.000,0
ssd_test_20260305_013022_iops.log_iops.1,4.847,21360.000,0
ssd_test_20260305_013022_iops.log_iops.1,4.897,22800.000,0
ssd_test_20260305_013022_iops.log_iops.1,4.947,23520.000,0
ssd_test_20260305_013022_iops.log_iops.1,4.997,21840.000,0
ssd_test_20260305_013022_iops.log_iops.1,5.047,24480.000,0
ssd_test_20260305_013022_iops.log_iops.1,5.097,22560.000,0
ssd_test_20260305_013022_iops.log_iops.1,5.147,22560.000,0
ssd_test_20260305_013022_iops.log_iops.1,5.197,23280.000,0
ssd_test_20260305_013022_iops.log_iops.1,5.247,30480.000,0
ssd_test_20260305_013022_iops.log_iops.1,5.297,21600.000,0
ssd_test_20260305_013022_iops.log_iops.1,5.347,24960.000,0
ssd_test_20260305_013022_iops.log_iops.1,5.397,24734.000,0
ssd_test_20260305_013022_iops.log_iops.1,5.447,24960.000,0
ssd_test_20260305_013022_iops.log_iops.1,5.497,24720.000,0
ssd_test_20260305_013022_iops.log_iops.1,5.547,21840.000,0
ssd_test_20260305_013022_iops.log_iops.1,5.597,23280.000,0
ssd_test_20260305_013022_iops.log_iops.1,5.647,23760.000,0
ssd_test_20260305_013022_iops.log_iops.1,5.697,25920.000,0
ssd_test_20260305_013022_iops.log_iops.1,5.747,24960.000,0
ssd_test_20260305_013022_iops.log_iops.1,5.797,24480.000,0
ssd_test_20260305_013022_iops.log_iops.1,5.847,21360.000,0
ssd_test_20260305_013022_iops.log_iops.1,5.897,25714.000,0
ssd_test_20260305_013022_iops.log_iops.1,5.947,24480.000,0
ssd_test_20260305_013022_iops.log_iops.1,5.997,22320.000,0
ssd_test_20260305_013022_iops.log_iops.1,6.047,21360.000,0
ssd_test_20260305_013022_iops.log_iops.1,6.097,26160.000,0
ssd_test_20260305_013022_iops.log_iops.1,6.147,20640.000,0
ssd_test_20260305_013022_iops.log_iops.1,6.197,23280.000,0
ssd_test_20260305_013022_iops.log_iops.1,6.247,21600.000,0
ssd_test_20260305_013022_iops.log_iops.1,6.297,21360.000,0
ssd_test_20260305_013022_iops.log_iops.1,6.347,28800.000,0
ssd_test_20260305_013022_iops.log_iops.1,6.397,22080.000,0
ssd_test_20260305_013022_iops.log_iops.1,6.447,21360.000,0
ssd_test_20260305_013022_iops.log_iops.1,6.497,21600.000,0
ssd_test_20260305_013022_iops.log_iops.1,6.547,22560.000,0
ssd_test_20260305_013022_iops.log_iops.1,6.598,22080.000,0
ssd_test_20260305_013022_iops.log_iops.1,6.647,24979.000,0
ssd_test_20260305_013022_iops.log_iops.1,6.697,24720.000,0
ssd_test_20260305_013022_iops.log_iops.1,6.747,25440.000,0
ssd_test_20260305_013022_iops.log_iops.1,6.797,24240.000,0
ssd_test_20260305_013022_iops.log_iops.1,6.847,21840.000,0
ssd_test_20260305_013022_iops.log_iops.1,6.897,22800.000,0
ssd_test_20260305_013022_iops.log_iops.1,6.947,23040.000,0
ssd_test_20260305_013022_iops.log_iops.1,6.997,20400.000,0
ssd_test_20260305_013022_iops.log_iops.1,7.047,21360.000,0
ssd_test_20260305_013022_iops.log_iops.1,7.097,23280.000,0
ssd_test_20260305_013022_iops.log_iops.1,7.146,21795.000,0
ssd_test_20260305_013022_iops.log_iops.1,7.196,26160.000,0
ssd_test_20260305_013022_iops.log_iops.1,7.247,22560.000,0
ssd_test_20260305_013022_iops.log_iops.1,7.297,20640.000,0
ssd_test_20260305_013022_iops.log_iops.1,7.347,22560.000,0
ssd_test_20260305_013022_iops.log_iops.1,7.397,21360.000,0
ssd_test_20260305_013022_iops.log_iops.1,7.447,20400.000,0
ssd_test_20260305_013022_iops.log_iops.1,7.497,23280.000,0
ssd_test_20260305_013022_iops.log_iops.1,7.547,22320.000,0
ssd_test_20260305_013022_iops.log_iops.1,7.597,21600.000,0
ssd_test_20260305_013022_iops.log_iops.1,7.647,21360.000,0
ssd_test_20260305_013022_iops.log_iops.1,7.697,21120.000,0
ssd_test_20260305_013022_iops.log_iops.1,7.747,19440.000,0
ssd_test_20260305_013022_iops.log_iops.1,7.797,17280.000,0
ssd_test_20260305_013022_iops.log_iops.1,7.848,21600.000,0
ssd_test_20260305_013022_iops.log_iops.1,7.897,22040.000,0
ssd_test_20260305_013022_iops.log_iops.1,7.947,18240.000,0
ssd_test_20260305_013022_iops.log_iops.1,7.997,23520.000,0
ssd_test_20260305_013022_iops.log_iops.1,8.047,22560.000,0
ssd_test_20260305_013022_iops.log_iops.1,8.097,23280.000,0
ssd_test_20260305_013022_iops.log_iops.1,8.147,21600.000,0
ssd_test_20260305_013022_iops.log_iops.1,8.197,28080.000,0
ssd_test_20260305_013022_iops.log_iops.1,8.247,23040.000,0
ssd_test_20260305_013022_iops.log_iops.1,8.297,20880.000,0
ssd_test_20260305_013022_iops.log_iops.1,8.348,24480.000,0
ssd_test_20260305_013022_iops.log_iops.1,8.397,21061.000,0
ssd_test_20260305_013022_iops.log_iops.1,8.447,22320.000,0
ssd_test_20260305_013022_iops.log_iops.1,8.497,24480.000,0
ssd_test_20260305_013022_iops.log_iops.1,8.547,23280.000,0
ssd_test_20260305_013022_iops.log_iops.1,8.597,26160.000,0
ssd_test_20260305_013022_iops.log_iops.1,8.647,24480.000,0
ssd_test_20260305_013022_iops.log_iops.1,8.697,24240.000,0
ssd_test_20260305_013022_iops.log_iops.1,8.747,22080.000,0
ssd_test_20260305_013022_iops.log_iops.1,8.797,21840.000,0
ssd_test_20260305_013022_iops.log_iops.1,8.847,21840.000,0
ssd_test_20260305_013022_iops.log_iops.1,8.897,23520.000,0
ssd_test_20260305_013022_iops.log_iops.1,8.947,24720.000,0
ssd_test_20260305_013022_iops.log_iops.1,8.997,20400.000,0
ssd_test_20260305_013022_iops.log_iops.1,9.047,24000.000,0
ssd_test_20260305_013022_iops.log_iops.1,9.097,22800.000,0
ssd_test_20260305_013022_iops.log_iops.1,9.147,22285.000,0
ssd_test_20260305_013022_iops.log_iops.1,9.197,21360.000,0
ssd_test_20260305_013022_iops.log_iops.1,9.247,25440.000,0
ssd_test_20260305_013022_iops.log_iops.1,9.297,26640.000,0
ssd_test_20260305_013022_iops.log_iops.1,9.347,24960.000,0
ssd_test_20260305_013022_iops.log_iops.1,9.397,24960.000,0
ssd_test_20260305_013022_iops.log_iops.1,9.447,23520.000,0
ssd_test_20260305_013022_iops.log_iops.1,9.497,24000.000,0
ssd_test_20260305_013022_iops.log_iops.1,9.547,22800.000,0
ssd_test_20260305_013022_iops.log_iops.1,9.597,25440.000,0
ssd_test_20260305_013022_iops.log_iops.1,9.647,23760.000,0
ssd_test_20260305_013022_iops.log_iops.1,9.697,23520.000,0
ssd_test_20260305_013022_iops.log_iops.1,9.747,23760.000,0
ssd_test_20260305_013022_iops.log_iops.1,9.797,22080.000,0
ssd_test_20260305_013022_iops.log_iops.1,9.848,20160.000,0
ssd_test_20260305_013022_iops.log_iops.1,9.897,25469.000,0
ssd_test_20260305_013022_iops.log_iops.1,9.947,25440.000,0
ssd_test_20260305_013022_iops.log_iops.1,9.997,22080.000,0
ssd_test_20260305_013022_iops.log_iops.1,10.047,23760.000,0
ssd_test_20260305_013022_iops.log_iops.1,10.097,21600.000,0
ssd_test_20260305_013022_iops.log_iops.1,10.147,22800.000,0
ssd_test_20260305_013022_iops.log_iops.1,10.197,24960.000,0
ssd_test_20260305_013022_iops.log_iops.1,10.247,24960.000,0
ssd_test_20260305_013022_iops.log_iops.1,10.297,24000.000,0
ssd_test_20260305_013022_iops.log_iops.1,10.347,23280.000,0
ssd_test_20260305_013022_iops.log_iops.1,10.396,23020.000,0
ssd_test_20260305_013022_iops.log_iops.1,10.446,21840.000,0
ssd_test_20260305_013022_iops.log_iops.1,10.496,22800.000,0
ssd_test_20260305_013022_iops.log_iops.1,10.547,22560.000,0
ssd_test_20260305_013022_iops.log_iops.1,10.597,20640.000,0
ssd_test_20260305_013022_iops.log_iops.1,10.647,22800.000,0
ssd_test_20260305_013022_iops.log_iops.1,10.697,25680.000,0
ssd_test_20260305_013022_iops.log_iops.1,10.747,24720.000,0
ssd_test_20260305_013022_iops.log_iops.1,10.797,24960.000,0
ssd_test_20260305_013022_iops.log_iops.1,10.847,22800.000,0
ssd_test_20260305_013022_iops.log_iops.1,10.897,24960.000,0
ssd_test_20260305_013022_iops.log_iops.1,10.947,24240.000,0
ssd_test_20260305_013022_iops.log_iops.1,10.997,21600.000,0
ssd_test_20260305_013022_iops.log_iops.1,11.047,24960.000,0
ssd_test_20260305_013022_iops.log_iops.1,11.097,24720.000,0
ssd_test_20260305_013022_iops.log_iops.1,11.146,24489.000,0
ssd_test_20260305_013022_iops.log_iops.1,11.196,24480.000,0
ssd_test_20260305_013022_iops.log_iops.1,11.247,22800.000,0
ssd_test_20260305_013022_iops.log_iops.1,11.297,22080.000,0
ssd_test_20260305_013022_iops.log_iops.1,11.347,23760.000,0
ssd_test_20260305_013022_iops.log_iops.1,11.397,18000.000,0
ssd_test_20260305_013022_iops.log_iops.1,11.447,22800.000,0
ssd_test_20260305_013022_iops.log_iops.1,11.497,21120.000,0
ssd_test_20260305_013022_iops.log_iops.1,11.547,22560.000,0
ssd_test_20260305_013022_iops.log_iops.1,11.597,24000.000,0
ssd_test_20260305_013022_iops.log_iops.1,11.647,24244.000,0
ssd_test_20260305_013022_iops.log_iops.1,11.697,22800.000,0
ssd_test_20260305_013022_iops.log_iops.1,11.747,20880.000,0
ssd_test_20260305_013022_iops.log_iops.1,11.797,21840.000,0
ssd_test_20260305_013022_iops.log_iops.1,11.847,20160.000,0
ssd_test_20260305_013022_iops.log_iops.1,11.897,24000.000,0
ssd_test_20260305_013022_iops.log_iops.1,11.947,21600.000,0
ssd_test_20260305_013022_iops.log_iops.1,11.997,20160.000,0
ssd_test_20260305_013022_iops.log_iops.1,12.047,19440.000,0
ssd_test_20260305_013022_iops.log_iops.1,12.097,22080.000,0
ssd_test_20260305_013022_iops.log_iops.1,12.146,20081.000,0
ssd_test_20260305_013022_iops.log_iops.1,12.196,21600.000,0
ssd_test_20260305_013022_iops.log_iops.1,12.247,22320.000,0
ssd_test_20260305_013022_iops.log_iops.1,12.297,20160.000,0
ssd_test_20260305_013022_iops.log_iops.1,12.347,21120.000,0
ssd_test_20260305_013022_iops.log_iops.1,12.397,22080.000,0
ssd_test_20260305_013022_iops.log_iops.1,12.447,17760.000,0
ssd_test_20260305_013022_iops.log_iops.1,12.497,20400.000,0
ssd_test_20260305_013022_iops.log_iops.1,12.547,22800.000,0
ssd_test_20260305_013022_iops.log_iops.1,12.597,20880.000,0
ssd_test_20260305_013022_iops.log_iops.1,12.646,19836.000,0
ssd_test_20260305_013022_iops.log_iops.1,12.696,20400.000,0
ssd_test_20260305_013022_iops.log_iops.1,12.747,19680.000,0
ssd_test_20260305_013022_iops.log_iops.1,12.797,20400.000,0
ssd_test_20260305_013022_iops.log_iops.1,12.847,19200.000,0
ssd_test_20260305_013022_iops.log_iops.1,12.897,18960.000,0
ssd_test_20260305_013022_iops.log_iops.1,12.947,19680.000,0
ssd_test_20260305_013022_iops.log_iops.1,12.997,21360.000,0
ssd_test_20260305_013022_iops.log_iops.1,13.047,23520.000,0
ssd_test_20260305_013022_iops.log_iops.1,13.097,24000.000,0
ssd_test_20260305_013022_iops.log_iops.1,13.147,19680.000,0
ssd_test_20260305_013022_iops.log_iops.1,13.197,20880.000,0
ssd_test_20260305_013022_iops.log_iops.1,13.247,20640.000,0
ssd_test_20260305_013022_iops.log_iops.1,13.297,23280.000,0
ssd_test_20260305_013022_iops.log_iops.1,13.347,23280.000,0
ssd_test_20260305_013022_iops.log_iops.1,13.396,22040.000,0
ssd_test_20260305_013022_iops.log_iops.1,13.447,20160.000,0
ssd_test_20260305_013022_iops.log_iops.1,13.497,24720.000,0
ssd_test_20260305_013022_iops.log_iops.1,13.547,23520.000,0
ssd_test_20260305_013022_iops.log_iops.1,13.597,23520.000,0
ssd_test_20260305_013022_iops.log_iops.1,13.647,24000.000,0
ssd_test_20260305_013022_iops.log_iops.1,13.697,21120.000,0
ssd_test_20260305_013022_iops.log_iops.1,13.747,24240.000,0
ssd_test_20260305_013022_iops.log_iops.1,13.797,23520.000,0
ssd_test_20260305_013022_iops.log_iops.1,13.847,23520.000,0
ssd_test_20260305_013022_iops.log_iops.1,13.897,21600.000,0
ssd_test_20260305_013022_iops.log_iops.1,13.947,23760.000,0
ssd_test_20260305_013022_iops.log_iops.1,13.997,21600.000,0
ssd_test_20260305_013022_iops.log_iops.1,14.048,19200.000,0
ssd_test_20260305_013022_iops.log_iops.1,14.098,22320.000,0
ssd_test_20260305_013022_iops.log_iops.1,14.147,21306.000,0
ssd_test_20260305_013022_iops.log_iops.1,14.197,24720.000,0
ssd_test_20260305_013022_iops.log_iops.1,14.247,23040.000,0
ssd_test_20260305_013022_iops.log_iops.1,14.297,23520.000,0
ssd_test_20260305_013022_iops.log_iops.1,14.347,19680.000,0
ssd_test_20260305_013022_iops.log_iops.1,14.397,22080.000,0
ssd_test_20260305_013022_iops.log_iops.1,14.447,20400.000,0
ssd_test_20260305_013022_iops.log_iops.1,14.497,21120.000,0
ssd_test_20260305_013022_iops.log_iops.1,14.547,21840.000,0
ssd_test_20260305_013022_iops.log_iops.1,14.597,21840.000,0
ssd_test_20260305_013022_iops.log_iops.1,14.647,22530.000,0
ssd_test_20260305_013022_iops.log_iops.1,14.697,20640.000,0
ssd_test_20260305_013022_iops.log_iops.1,14.747,22080.000,0
ssd_test_20260305_013022_iops.log_iops.1,14.797,18960.000,0
ssd_test_20260305_013022_iops.log_iops.1,14.847,17280.000,0
ssd_test_20260305_013022_iops.log_iops.1,14.897,18720.000,0
ssd_test_20260305_013022_iops.log_iops.1,14.947,18240.000,0
ssd_test_20260305_013022_iops.log_iops.1,14.997,17280.000,0
ssd_test_20260305_013022_iops.log_iops.1,15.047,21360.000,0
ssd_test_20260305_013022_iops.log_iops.1,15.097,19200.000,0
ssd_test_20260305_013022_iops.log_iops.1,15.147,12734.000,0
ssd_test_20260305_013022_iops.log_iops.1,15.197,18960.000,0
ssd_test_20260305_013022_iops.log_iops.1,15.247,19680.000,0
ssd_test_20260305_013022_iops.log_iops.1,15.297,22320.000,0
ssd_test_20260305_013022_iops.log_iops.1,15.347,22320.000,0
ssd_test_20260305_013022_iops.log_iops.1,15.397,18720.000,0
ssd_test_20260305_013022_iops.log_iops.1,15.447,21600.000,0
ssd_test_20260305_013022_iops.log_iops.1,15.497,23760.000,0
ssd_test_20260305_013022_iops.log_iops.1,15.547,24240.000,0
ssd_test_20260305_013022_iops.log_iops.1,15.598,23520.000,0
ssd_test_20260305_013022_iops.log_iops.1,15.647,24000.000,0
ssd_test_20260305_013022_iops.log_iops.1,15.697,24720.000,0
ssd_test_20260305_013022_iops.log_iops.1,15.747,23760.000,0
ssd_test_20260305_013022_iops.log_iops.1,15.797,24720.000,0
ssd_test_20260305_013022_iops.log_iops.1,15.847,22800.000,0
ssd_test_20260305_013022_iops.log_iops.1,15.897,20880.000,0
ssd_test_20260305_013022_iops.log_iops.1,15.947,20880.000,0
ssd_test_20260305_013022_iops.log_iops.1,15.997,24720.000,0
ssd_test_20260305_013022_iops.log_iops.1,16.047,23520.000,0
ssd_test_20260305_013022_iops.log_iops.1,16.098,21840.000,0
ssd_test_20260305_013022_iops.log_iops.1,16.147,21061.000,0
ssd_test_20260305_013022_iops.log_iops.1,16.197,27360.000,0
ssd_test_20260305_013022_iops.log_iops.1,16.247,22560.000,0
ssd_test_20260305_013022_iops.log_iops.1,16.297,24240.000,0
ssd_test_20260305_013022_iops.log_iops.1,16.347,23280.000,0
ssd_test_20260305_013022_iops.log_iops.1,16.397,23280.000,0
ssd_test_20260305_013022_iops.log_iops.1,16.447,25440.000,0
ssd_test_20260305_013022_iops.log_iops.1,16.497,27840.000,0
ssd_test_20260305_013022_iops.log_iops.1,16.547,24720.000,0
ssd_test_20260305_013022_iops.log_iops.1,16.598,24960.000,0
ssd_test_20260305_013022_iops.log_iops.1,16.647,24244.000,0
ssd_test_20260305_013022_iops.log_iops.1,16.697,23760.000,0
ssd_test_20260305_013022_iops.log_iops.1,16.747,24240.000,0
ssd_test_20260305_013022_iops.log_iops.1,16.797,21840.000,0
ssd_test_20260305_013022_iops.log_iops.1,16.847,23040.000,0
ssd_test_20260305_013022_iops.log_iops.1,16.901,24226.000,0
ssd_test_20260305_013022_iops.log_iops.1,16.950,25469.000,0
ssd_test_20260305_013022_iops.log_iops.1,17.000,22320.000,0
ssd_test_20260305_013022_iops.log_iops.1,17.050,16320.000,0
ssd_test_20260305_013022_iops.log_iops.1,17.100,25180.000,0
ssd_test_20260305_013022_iops.log_iops.1,17.150,22800.000,0
ssd_test_20260305_013022_iops.log_iops.1,17.200,25680.000,0
ssd_test_20260305_013022_iops.log_iops.1,17.250,23520.000,0
ssd_test_20260305_013022_iops.log_iops.1,17.300,22320.000,0
ssd_test_20260305_013022_iops.log_iops.1,17.350,23280.000,0
ssd_test_20260305_013022_iops.log_iops.1,17.400,17520.000,0
ssd_test_20260305_013022_iops.log_iops.1,17.450,16800.000,0
ssd_test_20260305_013022_iops.log_iops.1,17.500,21840.000,0
ssd_test_20260305_013022_iops.log_iops.1,17.550,22560.000,0
ssd_test_20260305_013022_iops.log_iops.1,17.600,23040.000,0
ssd_test_20260305_013022_iops.log_iops.1,17.650,20640.000,0
ssd_test_20260305_013022_iops.log_iops.1,17.700,20880.000,0
ssd_test_20260305_013022_iops.log_iops.1,17.750,19680.000,0
ssd_test_20260305_013022_iops.log_iops.1,17.800,20400.000,0
ssd_test_20260305_013022_iops.log_iops.1,17.850,19680.000,0
ssd_test_20260305_013022_iops.log_iops.1,17.901,21360.000,0
ssd_test_20260305_013022_iops.log_iops.1,17.950,21551.000,0
ssd_test_20260305_013022_iops.log_iops.1,18.000,19680.000,0
ssd_test_20260305_013022_iops.log_iops.1,18.050,24240.000,0
ssd_test_20260305_013022_iops.log_iops.1,18.100,21600.000,0
ssd_test_20260305_013022_iops.log_iops.1,18.150,20160.000,0
ssd_test_20260305_013022_iops.log_iops.1,18.200,20640.000,0
ssd_test_20260305_013022_iops.log_iops.1,18.250,20160.000,0
ssd_test_20260305_013022_iops.log_iops.1,18.300,19200.000,0
ssd_test_20260305_013022_iops.log_iops.1,18.350,20400.000,0
ssd_test_20260305_013022_iops.log_iops.1,18.400,18960.000,0
ssd_test_20260305_013022_iops.log_iops.1,18.450,18000.000,0
ssd_test_20260305_013022_iops.log_iops.1,18.500,17280.000,0
ssd_test_20260305_013022_iops.log_iops.1,18.550,20880.000,0
ssd_test_20260305_013022_iops.log_iops.1,18.600,21600.000,0
ssd_test_20260305_013022_iops.log_iops.1,18.650,18480.000,0
ssd_test_20260305_013022_iops.log_iops.1,18.700,23520.000,0
ssd_test_20260305_013022_iops.log_iops.1,18.750,21840.000,0
ssd_test_20260305_013022_iops.log_iops.1,18.800,19680.000,0
ssd_test_20260305_013022_iops.log_iops.1,18.850,21360.000,0
ssd_test_20260305_013022_iops.log_iops.1,18.900,23520.000,0
ssd_test_20260305_013022_iops.log_iops.1,18.950,25440.000,0
ssd_test_20260305_013022_iops.log_iops.1,19.000,24960.000,0
ssd_test_20260305_013022_iops.log_iops.1,19.051,23280.000,0
ssd_test_20260305_013022_iops.log_iops.1,19.100,27428.000,0
ssd_test_20260305_013022_iops.log_iops.1,19.150,22800.000,0
ssd_test_20260305_013022_iops.log_iops.1,19.200,21840.000,0
ssd_test_20260305_013022_iops.log_iops.1,19.250,22560.000,0
ssd_test_20260305_013022_iops.log_iops.1,19.300,23040.000,0
ssd_test_20260305_013022_iops.log_iops.1,19.350,21600.000,0
ssd_test_20260305_013022_iops.log_iops.1,19.400,20400.000,0
ssd_test_20260305_013022_iops.log_iops.1,19.450,20400.000,0
ssd_test_20260305_013022_iops.log_iops.1,19.500,25200.000,0
ssd_test_20260305_013022_iops.log_iops.1,19.550,23040.000,0
ssd_test_20260305_013022_iops.log_iops.1,19.600,23040.000,0
ssd_test_20260305_013022_iops.log_iops.1,19.650,22560.000,0
ssd_test_20260305_013022_iops.log_iops.1,19.700,22560.000,0
ssd_test_20260305_013022_iops.log_iops.1,19.750,23280.000,0
ssd_test_20260305_013022_iops.log_iops.1,19.800,24240.000,0
ssd_test_20260305_013022_iops.log_iops.1,19.850,23040.000,0
ssd_test_20260305_013022_iops.log_iops.1,19.900,20640.000,0
ssd_test_20260305_013022_iops.log_iops.1,19.950,22320.000,0
ssd_test_20260305_013022_iops.log_iops.1,20.000,20160.000,0
ssd_test_20260305_013022_iops.log_iops.1,20.050,20160.000,0
ssd_test_20260305_013022_iops.log_iops.1,20.100,20640.000,0
ssd_test_20260305_013022_iops.log_iops.1,20.150,22320.000,0
ssd_test_20260305_013022_iops.log_iops.1,20.201,24000.000,0
ssd_test_20260305_013022_iops.log_iops.1,20.250,23510.000,0
ssd_test_20260305_013022_iops.log_iops.1,20.300,21840.000,0
ssd_test_20260305_013022_iops.log_iops.1,20.350,23280.000,0
ssd_test_20260305_013022_iops.log_iops.1,20.400,22080.000,0
ssd_test_20260305_013022_iops.log_iops.1,20.450,21840.000,0
ssd_test_20260305_013022_iops.log_iops.1,20.500,23520.000,0
ssd_test_20260305_013022_iops.log_iops.1,20.550,21840.000,0
ssd_test_20260305_013022_iops.log_iops.1,20.600,22800.000,0
ssd_test_20260305_013022_iops.log_iops.1,20.650,23760.000,0
ssd_test_20260305_013022_iops.log_iops.1,20.700,22320.000,0
ssd_test_20260305_013022_iops.log_iops.1,20.750,20640.000,0
ssd_test_20260305_013022_iops.log_iops.1,20.800,20640.000,0
ssd_test_20260305_013022_iops.log_iops.1,20.850,22080.000,0
ssd_test_20260305_013022_iops.log_iops.1,20.900,22800.000,0
ssd_test_20260305_013022_iops.log_iops.1,20.950,24000.000,0
ssd_test_20260305_013022_iops.log_iops.1,21.000,23040.000,0
ssd_test_20260305_013022_iops.log_iops.1,21.050,21360.000,0
ssd_test_20260305_013022_iops.log_iops.1,21.100,22560.000,1
ssd_test_20260305_013022_iops.log_iops.1,21.150,23040.000,1
ssd_test_20260305_013022_iops.log_iops.1,21.200,21360.000,1
ssd_test_20260305_013022_iops.log_iops.1,21.250,20880.000,1
ssd_test_20260305_013022_iops.log_iops.1,21.300,21120.000,1
ssd_test_20260305_013022_iops.log_iops.1,21.350,22320.000,1
ssd_test_20260305_013022_iops.log_iops.1,21.401,24480.000,1
ssd_test_20260305_013022_iops.log_iops.1,21.450,20326.000,1
ssd_test_20260305_013022_iops.log_iops.1,21.500,23760.000,1
ssd_test_20260305_013022_iops.log_iops.1,21.550,25200.000,1
ssd_test_20260305_013022_iops.log_iops.1,21.600,22320.000,1
ssd_test_20260305_013022_iops.log_iops.1,21.650,24960.000,1
ssd_test_20260305_013022_iops.log_iops.1,21.700,24240.000,1
ssd_test_20260305_013022_iops.log_iops.1,21.750,24480.000,1
ssd_test_20260305_013022_iops.log_iops.1,21.800,21360.000,1
ssd_test_20260305_013022_iops.log_iops.1,21.850,22800.000,1
ssd_test_20260305_013022_iops.log_iops.1,21.900,20880.000,1
ssd_test_20260305_013022_iops.log_iops.1,21.950,20400.000,1
ssd_test_20260305_013022_iops.log_iops.1,22.000,18000.000,1
ssd_test_20260305_013022_iops.log_iops.1,22.050,17280.000,1
ssd_test_20260305_013022_iops.log_iops.1,22.100,20400.000,1
ssd_test_20260305_013022_iops.log_iops.1,22.150,18000.000,1
ssd_test_20260305_013022_iops.log_iops.1,22.200,19200.000,1
ssd_test_20260305_013022_iops.log_iops.1,22.250,23520.000,1
ssd_test_20260305_013022_iops.log_iops.1,22.300,23760.000,1
ssd_test_20260305_013022_iops.log_iops.1,22.350,21360.000,1
ssd_test_20260305_013022_iops.log_iops.1,22.400,20880.000,1
ssd_test_20260305_013022_iops.log_iops.1,22.450,18480.000,1
ssd_test_20260305_013022_iops.log_iops.1,22.501,20640.000,1
ssd_test_20260305_013022_iops.log_iops.1,22.550,23265.000,1
ssd_test_20260305_013022_iops.log_iops.1,22.600,24480.000,1
ssd_test_20260305_013022_iops.log_iops.1,22.650,22800.000,1
ssd_test_20260305_013022_iops.log_iops.1,22.700,22080.000,1
ssd_test_20260305_013022_iops.log_iops.1,22.750,26160.000,1
ssd_test_20260305_013022_iops.log_iops.1,22.800,23280.000,1
ssd_test_20260305_013022_iops.log_iops.1,22.850,27120.000,1
ssd_test_20260305_013022_iops.log_iops.1,22.900,25920.000,1
ssd_test_20260305_013022_iops.log_iops.1,22.950,23760.000,1
ssd_test_20260305_013022_iops.log_iops.1,23.000,21120.000,1
ssd_test_20260305_013022_iops.log_iops.1,23.050,25200.000,1
ssd_test_20260305_013022_iops.log_iops.1,23.100,24720.000,1
ssd_test_20260305_013022_iops.log_iops.1,23.150,20400.000,1
ssd_test_20260305_013022_iops.log_iops.1,23.200,24720.000,1
ssd_test_20260305_013022_iops.log_iops.1,23.250,25200.000,1
ssd_test_20260305_013022_iops.log_iops.1,23.300,23040.000,1
ssd_test_20260305_013022_iops.log_iops.1,23.350,21120.000,1
ssd_test_20260305_013022_iops.log_iops.1,23.400,21120.000,1
ssd_test_20260305_013022_iops.log_iops.1,23.450,22800.000,1
ssd_test_20260305_013022_iops.log_iops.1,23.501,14160.000,1
ssd_test_20260305_013022_iops.log_iops.1,23.550,22040.000,1
ssd_test_20260305_013022_iops.log_iops.1,23.600,25680.000,1
ssd_test_20260305_013022_iops.log_iops.1,23.650,24240.000,1
ssd_test_20260305_013022_iops.log_iops.1,23.700,22560.000,1
ssd_test_20260305_013022_iops.log_iops.1,23.750,26400.000,1
ssd_test_20260305_013022_iops.log_iops.1,23.800,23040.000,1
ssd_test_20260305_013022_iops.log_iops.1,23.850,26160.000,1
ssd_test_20260305_013022_iops.log_iops.1,23.900,25680.000,1
ssd_test_20260305_013022_iops.log_iops.1,23.950,23280.000,1
ssd_test_20260305_013022_iops.log_iops.1,24.000,20400.000,1
ssd_test_20260305_013022_iops.log_iops.1,24.050,24720.000,1
ssd_test_20260305_013022_iops.log_iops.1,24.100,21600.000,1
ssd_test_20260305_013022_iops.log_iops.1,24.150,19680.000,1
ssd_test_20260305_013022_iops.log_iops.1,24.200,23280.000,1
ssd_test_20260305_013022_iops.log_iops.1,24.250,23760.000,1
ssd_test_20260305_013022_iops.log_iops.1,24.300,23520.000,1
ssd_test_20260305_013022_iops.log_iops.1,24.350,22800.000,1
ssd_test_20260305_013022_iops.log_iops.1,24.400,23960.000,1
ssd_test_20260305_013022_iops.log_iops.1,24.450,20640.000,1
ssd_test_20260305_013022_iops.log_iops.1,24.500,21600.000,1
ssd_test_20260305_013022_iops.log_iops.1,24.550,24480.000,1
ssd_test_20260305_013022_iops.log_iops.1,24.601,22080.000,1
ssd_test_20260305_013022_iops.log_iops.1,24.650,20816.000,1
ssd_test_20260305_013022_iops.log_iops.1,24.700,21840.000,1
ssd_test_20260305_013022_iops.log_iops.1,24.750,26640.000,1
ssd_test_20260305_013022_iops.log_iops.1,24.800,25680.000,1
ssd_test_20260305_013022_iops.log_iops.1,24.850,23760.000,1
ssd_test_20260305_013022_iops.log_iops.1,24.900,23520.000,1
ssd_test_20260305_013022_iops.log_iops.1,24.950,21360.000,1
ssd_test_20260305_013022_iops.log_iops.1,25.000,23280.000,1
ssd_test_20260305_013022_iops.log_iops.1,25.050,21120.000,1
ssd_test_20260305_013022_iops.log_iops.1,25.100,23040.000,1
ssd_test_20260305_013022_iops.log_iops.1,25.150,21120.000,1
ssd_test_20260305_013022_iops.log_iops.1,25.200,22320.000,1
ssd_test_20260305_013022_iops.log_iops.1,25.250,22560.000,1
ssd_test_20260305_013022_iops.log_iops.1,25.300,19680.000,1
ssd_test_20260305_013022_iops.log_iops.1,25.351,21360.000,1
ssd_test_20260305_013022_iops.log_iops.1,25.400,21306.000,1
ssd_test_20260305_013022_iops.log_iops.1,25.450,21600.000,1
ssd_test_20260305_013022_iops.log_iops.1,25.500,18720.000,1
ssd_test_20260305_013022_iops.log_iops.1,25.550,20880.000,1
ssd_test_20260305_013022_iops.log_iops.1,25.600,23760.000,1
ssd_test_20260305_013022_iops.log_iops.1,25.650,22080.000,1
ssd_test_20260305_013022_iops.log_iops.1,25.700,20880.000,1
ssd_test_20260305_013022_iops.log_iops.1,25.750,23280.000,1
ssd_test_20260305_013022_iops.log_iops.1,25.800,24720.000,1
ssd_test_20260305_013022_iops.log_iops.1,25.850,25440.000,1
ssd_test_20260305_013022_iops.log_iops.1,25.900,21840.000,1
ssd_test_20260305_013022_iops.log_iops.1,25.950,22080.000,1
ssd_test_20260305_013022_iops.log_iops.1,26.000,24240.000,1
ssd_test_20260305_013022_iops.log_iops.1,26.050,21360.000,1
ssd_test_20260305_013022_iops.log_iops.1,26.100,20400.000,1
ssd_test_20260305_013022_iops.log_iops.1,26.151,18000.000,1
ssd_test_20260305_013022_iops.log_iops.1,26.200,22285.000,1
ssd_test_20260305_013022_iops.log_iops.1,26.250,21360.000,1
ssd_test_20260305_013022_iops.log_iops.1,26.300,23040.000,1
ssd_test_20260305_013022_iops.log_iops.1,26.350,22080.000,1
ssd_test_20260305_013022_iops.log_iops.1,26.400,21120.000,1
ssd_test_20260305_013022_iops.log_iops.1,26.450,21360.000,1
ssd_test_20260305_013022_iops.log_iops.1,26.500,22800.000,1
ssd_test_20260305_013022_iops.log_iops.1,26.550,25440.000,1
ssd_test_20260305_013022_iops.log_iops.1,26.600,22320.000,1
ssd_test_20260305_013022_iops.log_iops.1,26.650,22320.000,1
ssd_test_20260305_013022_iops.log_iops.1,26.700,22080.000,1
ssd_test_20260305_013022_iops.log_iops.1,26.750,18960.000,1
ssd_test_20260305_013022_iops.log_iops.1,26.800,24000.000,1
ssd_test_20260305_013022_iops.log_iops.1,26.850,23760.000,1
ssd_test_20260305_013022_iops.log_iops.1,26.900,24240.000,1
ssd_test_20260305_013022_iops.log_iops.1,26.950,25200.000,1
ssd_test_20260305_013022_iops.log_iops.1,27.000,23040.000,1
ssd_test_20260305_013022_iops.log_iops.1,27.050,16800.000,1
ssd_test_20260305_013022_iops.log_iops.1,27.100,21840.000,1
ssd_test_20260305_013022_iops.log_iops.1,27.150,23280.000,1
ssd_test_20260305_013022_iops.log_iops.1,27.200,27360.000,1
ssd_test_20260305_013022_iops.log_iops.1,27.250,25920.000,1
ssd_test_20260305_013022_iops.log_iops.1,27.300,23040.000,1
ssd_test_20260305_013022_iops.log_iops.1,27.350,23520.000,1
ssd_test_20260305_013022_iops.log_iops.1,27.401,26880.000,1
ssd_test_20260305_013022_iops.log_iops.1,27.450,21551.000,1
ssd_test_20260305_013022_iops.log_iops.1,27.500,21840.000,1
ssd_test_20260305_013022_iops.log_iops.1,27.550,24000.000,1
ssd_test_20260305_013022_iops.log_iops.1,27.600,27600.000,1
ssd_test_20260305_013022_iops.log_iops.1,27.650,24240.000,1
ssd_test_20260305_013022_iops.log_iops.1,27.700,23040.000,1
ssd_test_20260305_013022_iops.log_iops.1,27.750,21120.000,1
ssd_test_20260305_013022_iops.log_iops.1,27.800,23520.000,1
ssd_test_20260305_013022_iops.log_iops.1,27.850,20880.000,1
ssd_test_20260305_013022_iops.log_iops.1,27.900,21360.000,1
ssd_test_20260305_013022_iops.log_iops.1,27.950,23520.000,1
ssd_test_20260305_013022_iops.log_iops.1,28.000,23040.000,1
ssd_test_20260305_013022_iops.log_iops.1,28.050,22800.000,1
ssd_test_20260305_013022_iops.log_iops.1,28.100,23280.000,1
ssd_test_20260305_013022_iops.log_iops.1,28.150,15840.000,1
ssd_test_20260305_013022_iops.log_iops.1,28.200,23280.000,1
ssd_test_20260305_013022_iops.log_iops.1,28.250,24480.000,1
ssd_test_20260305_013022_iops.log_iops.1,28.300,22080.000,1
ssd_test_20260305_013022_iops.log_iops.1,28.350,23520.000,1
ssd_test_20260305_013022_iops.log_iops.1,28.400,23520.000,1
ssd_test_20260305_013022_iops.log_iops.1,28.450,22800.000,1
ssd_test_20260305_013022_iops.log_iops.1,28.500,23040.000,1
ssd_test_20260305_013022_iops.log_iops.1,28.550,20640.000,1
ssd_test_20260305_013022_iops.log_iops.1,28.601,24480.000,1
ssd_test_20260305_013022_iops.log_iops.1,28.650,23265.000,1
ssd_test_20260305_013022_iops.log_iops.1,28.700,20160.000,1
ssd_test_20260305_013022_iops.log_iops.1,28.750,21120.000,1
ssd_test_20260305_013022_iops.log_iops.1,28.800,23520.000,1
ssd_test_20260305_013022_iops.log_iops.1,28.850,22320.000,1
ssd_test_20260305_013022_iops.log_iops.1,28.900,20880.000,1
ssd_test_20260305_013022_iops.log_iops.1,28.950,20640.000,1
ssd_test_20260305_013022_iops.log_iops.1,29.000,23520.000,1
ssd_test_20260305_013022_iops.log_iops.1,29.050,25680.000,1
ssd_test_20260305_013022_iops.log_iops.1,29.100,24720.000,1
ssd_test_20260305_013022_iops.log_iops.1,29.150,18720.000,1
ssd_test_20260305_013022_iops.log_iops.1,29.200,23760.000,1
ssd_test_20260305_013022_iops.log_iops.1,29.250,21120.000,1
ssd_test_20260305_013022_iops.log_iops.1,29.300,23040.000,1
ssd_test_20260305_013022_iops.log_iops.1,29.350,22320.000,1
ssd_test_20260305_013022_iops.log_iops.1,29.400,22800.000,1
ssd_test_20260305_013022_iops.log_iops.1,29.450,20880.000,1
ssd_test_20260305_013022_iops.log_iops.1,29.500,23040.000,1
ssd_test_20260305_013022_iops.log_iops.1,29.550,25920.000,1
ssd_test_20260305_013022_iops.log_iops.1,29.600,24480.000,1
ssd_test_20260305_013022_iops.log_iops.1,29.650,24960.000,1
ssd_test_20260305_013022_iops.log_iops.1,29.701,22560.000,1
ssd_test_20260305_013022_iops.log_iops.1,29.750,24489.000,1
ssd_test_20260305_013022_iops.log_iops.1,29.800,25200.000,1
ssd_test_20260305_013022_iops.log_iops.1,29.850,24960.000,1
ssd_test_20260305_013022_iops.log_iops.1,29.900,23040.000,1
ssd_test_20260305_013022_iops.log_iops.1,29.950,24480.000,1
ssd_test_20260305_013022_iops.log_iops.1,30.000,24960.000,1
